method,replicate,met,meeting_time,iterations,acceptance_rate_chain1,acceptance_rate_chain2
euclidean,0,True,8524,20000,0.19135,0.23385
euclidean,1,True,9347,20000,0.2481,0.1841
euclidean,2,True,10572,20000,0.1835,0.3235
euclidean,3,True,7264,20000,0.1328,0.2067
euclidean,4,True,10746,20000,0.27915,0.2092
euclidean,5,True,8324,20000,0.17805,0.24475
euclidean,6,True,8787,20000,0.25725,0.17615
euclidean,7,True,9888,20000,0.25055,0.26535
euclidean,8,True,8053,20000,0.25775,0.2116
euclidean,9,True,12576,20000,0.39235,0.2541
euclidean,10,True,11603,20000,0.2521,0.1558
euclidean,11,True,9534,20000,0.1443,0.22975
euclidean,12,True,6632,20000,0.16695,0.1693
euclidean,13,True,9089,20000,0.20135,0.2829
euclidean,14,True,9358,20000,0.28725,0.2256
euclidean,15,True,12010,20000,0.3533,0.2802
euclidean,16,True,9510,20000,0.2143,0.2671
euclidean,17,True,12888,20000,0.3264,0.25195
euclidean,18,True,9027,20000,0.15175,0.26095
euclidean,19,True,9186,20000,0.2634,0.10925
euclidean,20,True,11397,20000,0.29795,0.2877
euclidean,21,True,11695,20000,0.1497,0.33605
euclidean,22,True,11185,20000,0.21835,0.34585
euclidean,23,True,10282,20000,0.34695,0.2811
euclidean,24,True,7835,20000,0.23665,0.15225
euclidean,25,True,12479,20000,0.3402,0.15165
euclidean,26,True,8475,20000,0.2684,0.23285
euclidean,27,True,8712,20000,0.2707,0.1832
euclidean,28,True,7146,20000,0.20045,0.13315
euclidean,29,True,8820,20000,0.27645,0.22985
euclidean,30,True,7817,20000,0.21045,0.2231
euclidean,31,True,9555,20000,0.3198,0.2436
euclidean,32,True,6080,20000,0.1737,0.13535
euclidean,33,True,9540,20000,0.30615,0.19925
euclidean,34,True,10096,20000,0.1837,0.3162
euclidean,35,True,7279,20000,0.21925,0.19465
euclidean,36,True,9155,20000,0.259,0.26055
euclidean,37,True,9938,20000,0.28815,0.2579
euclidean,38,True,7939,20000,0.2087,0.1823
euclidean,39,True,13153,20000,0.3812,0.24165
euclidean,40,True,6825,20000,0.22745,0.20375
euclidean,41,True,15804,20000,0.49295,0.2861
euclidean,42,True,10074,20000,0.2481,0.164
euclidean,43,True,10429,20000,0.23535,0.295
euclidean,44,True,10735,20000,0.3465,0.25525
euclidean,45,True,8331,20000,0.2005,0.2572
euclidean,46,True,9820,20000,0.24375,0.1669
euclidean,47,True,6850,20000,0.17955,0.16475
euclidean,48,True,10623,20000,0.34195,0.17355
euclidean,49,True,9470,20000,0.28375,0.26045
euclidean,50,True,11093,20000,0.26095,0.30585
euclidean,51,True,10241,20000,0.1658,0.32175
euclidean,52,True,7781,20000,0.20015,0.16545
euclidean,53,True,16627,20000,0.44665,0.17495
euclidean,54,True,10854,20000,0.2435,0.30855
euclidean,55,True,8157,20000,0.22205,0.2273
euclidean,56,True,13041,20000,0.24765,0.3388
euclidean,57,True,11467,20000,0.2245,0.32875
euclidean,58,True,9641,20000,0.2153,0.31895
euclidean,59,True,7527,20000,0.2258,0.21885
euclidean,60,True,7059,20000,0.159,0.20005
euclidean,61,True,7930,20000,0.1635,0.19605
euclidean,62,True,11689,20000,0.20585,0.3688
euclidean,63,True,8337,20000,0.21935,0.2458
euclidean,64,True,11656,20000,0.2962,0.3049
euclidean,65,True,7058,20000,0.13245,0.19475
euclidean,66,True,8864,20000,0.2041,0.28325
euclidean,67,True,9428,20000,0.22285,0.14405
euclidean,68,True,11322,20000,0.2872,0.3552
euclidean,69,True,12884,20000,0.2494,0.3851
euclidean,70,True,9603,20000,0.2392,0.1831
euclidean,71,True,7979,20000,0.15395,0.2356
euclidean,72,True,12226,20000,0.36585,0.2443
euclidean,73,True,8031,20000,0.1503,0.2113
euclidean,74,True,6899,20000,0.2117,0.1954
euclidean,75,True,9525,20000,0.2006,0.28835
euclidean,76,True,7310,20000,0.17865,0.21415
euclidean,77,True,8987,20000,0.2208,0.27
euclidean,78,True,11548,20000,0.3261,0.2104
euclidean,79,True,11877,20000,0.18195,0.26775
euclidean,80,True,10742,20000,0.2741,0.27525
euclidean,81,True,7012,20000,0.19805,0.22205
euclidean,82,True,12020,20000,0.3734,0.2043
euclidean,83,True,6147,20000,0.1622,0.1979
euclidean,84,True,9291,20000,0.2739,0.2306
euclidean,85,True,7727,20000,0.2312,0.2202
euclidean,86,True,7959,20000,0.2451,0.1544
euclidean,87,True,10336,20000,0.2352,0.16285
euclidean,88,True,8762,20000,0.2461,0.2678
euclidean,89,True,11717,20000,0.1863,0.35765
euclidean,90,True,11508,20000,0.3087,0.24745
euclidean,91,True,12881,20000,0.4186,0.2648
euclidean,92,True,9915,20000,0.2258,0.28725
euclidean,93,True,8897,20000,0.2032,0.18485
euclidean,94,True,8495,20000,0.23475,0.20575
euclidean,95,True,7296,20000,0.20155,0.2074
euclidean,96,True,11068,20000,0.21375,0.3074
euclidean,97,True,8853,20000,0.2707,0.24345
euclidean,98,True,8581,20000,0.26975,0.15295
euclidean,99,True,4956,20000,0.15425,0.16395
euclidean,100,True,10719,20000,0.30995,0.2872
euclidean,101,True,12012,20000,0.35785,0.2221
euclidean,102,True,9964,20000,0.16035,0.2814
euclidean,103,True,17787,20000,0.53635,0.17185
euclidean,104,True,7784,20000,0.17875,0.24925
euclidean,105,True,10076,20000,0.3053,0.22405
euclidean,106,True,9886,20000,0.29945,0.26825
euclidean,107,True,11041,20000,0.31,0.3433
euclidean,108,True,5802,20000,0.2217,0.21485
euclidean,109,True,10740,20000,0.1914,0.28645
euclidean,110,True,10560,20000,0.27995,0.2054
euclidean,111,True,7826,20000,0.2378,0.2191
euclidean,112,True,9094,20000,0.21325,0.30845
euclidean,113,True,6794,20000,0.2048,0.22005
euclidean,114,True,9839,20000,0.31645,0.3005
euclidean,115,True,12243,20000,0.2649,0.3194
euclidean,116,True,7643,20000,0.20975,0.2221
euclidean,117,True,11598,20000,0.2435,0.3535
euclidean,118,True,9395,20000,0.25275,0.28545
euclidean,119,True,9670,20000,0.30205,0.2095
euclidean,120,True,11337,20000,0.29605,0.2584
euclidean,121,True,9491,20000,0.29715,0.27945
euclidean,122,True,8383,20000,0.22275,0.25605
euclidean,123,True,10231,20000,0.33565,0.2129
euclidean,124,True,14586,20000,0.35775,0.24555
euclidean,125,True,12342,20000,0.23165,0.3696
euclidean,126,True,10783,20000,0.30765,0.30865
euclidean,127,True,11560,20000,0.2269,0.32195
euclidean,128,True,10549,20000,0.30315,0.22045
euclidean,129,True,9604,20000,0.28925,0.14925
euclidean,130,True,8485,20000,0.14805,0.2684
euclidean,131,True,8983,20000,0.15175,0.27545
euclidean,132,True,13524,20000,0.16195,0.44265
euclidean,133,True,9084,20000,0.2852,0.25115
euclidean,134,True,13084,20000,0.24155,0.3469
euclidean,135,True,8114,20000,0.1617,0.22315
euclidean,136,True,7308,20000,0.1838,0.19095
euclidean,137,True,9182,20000,0.2282,0.16705
euclidean,138,True,9417,20000,0.25265,0.27725
euclidean,139,True,8173,20000,0.25285,0.21825
euclidean,140,True,8419,20000,0.23845,0.2543
euclidean,141,True,8628,20000,0.2426,0.2291
euclidean,142,True,14980,20000,0.4695,0.3452
euclidean,143,True,10042,20000,0.26225,0.31345
euclidean,144,True,8748,20000,0.271,0.2347
euclidean,145,True,9506,20000,0.1902,0.26045
euclidean,146,True,8320,20000,0.2016,0.2483
euclidean,147,True,10934,20000,0.2307,0.15195
euclidean,148,True,8021,20000,0.24915,0.19495
euclidean,149,True,15272,20000,0.1546,0.4457
euclidean,150,True,10283,20000,0.27715,0.34365
euclidean,151,True,9394,20000,0.2804,0.19745
euclidean,152,True,9519,20000,0.2074,0.2935
euclidean,153,True,8724,20000,0.2277,0.25075
euclidean,154,True,8473,20000,0.1752,0.24855
euclidean,155,True,8029,20000,0.25405,0.17725
euclidean,156,True,12051,20000,0.29955,0.16315
euclidean,157,True,10616,20000,0.16665,0.3446
euclidean,158,True,7720,20000,0.2228,0.2165
euclidean,159,True,9241,20000,0.27765,0.1686
euclidean,160,True,10532,20000,0.16365,0.2681
euclidean,161,True,7088,20000,0.15485,0.21735
euclidean,162,True,6457,20000,0.199,0.20815
euclidean,163,True,8849,20000,0.20135,0.1657
euclidean,164,True,9701,20000,0.2721,0.30985
euclidean,165,True,12854,20000,0.19425,0.41115
euclidean,166,True,8637,20000,0.2314,0.2112
euclidean,167,True,7277,20000,0.2156,0.1715
euclidean,168,True,9713,20000,0.20065,0.2452
euclidean,169,True,5751,20000,0.16555,0.1644
euclidean,170,True,14141,20000,0.16285,0.4548
euclidean,171,True,8610,20000,0.26625,0.2435
euclidean,172,True,7134,20000,0.1609,0.2019
euclidean,173,True,12393,20000,0.39,0.25745
euclidean,174,True,8218,20000,0.2079,0.21265
euclidean,175,True,7729,20000,0.1665,0.2213
euclidean,176,True,9118,20000,0.30615,0.2543
euclidean,177,True,13387,20000,0.17395,0.34495
euclidean,178,True,10964,20000,0.3194,0.2253
euclidean,179,True,11663,20000,0.308,0.36535
euclidean,180,True,8807,20000,0.2468,0.1849
euclidean,181,True,9812,20000,0.16625,0.29275
euclidean,182,True,8967,20000,0.1472,0.2889
euclidean,183,True,6317,20000,0.12495,0.1919
euclidean,184,True,9603,20000,0.2902,0.2512
euclidean,185,True,9934,20000,0.22075,0.28795
euclidean,186,True,11809,20000,0.18495,0.32355
euclidean,187,True,9385,20000,0.19765,0.267
euclidean,188,True,10408,20000,0.3127,0.2219
euclidean,189,True,5586,20000,0.16535,0.16075
euclidean,190,True,7995,20000,0.14825,0.22515
euclidean,191,True,7435,20000,0.22965,0.21665
euclidean,192,True,11370,20000,0.35885,0.1814
euclidean,193,True,9133,20000,0.22955,0.2098
euclidean,194,True,7641,20000,0.11735,0.23645
euclidean,195,True,8564,20000,0.1932,0.25905
euclidean,196,True,10276,20000,0.27305,0.2738
euclidean,197,True,10309,20000,0.1912,0.3398
euclidean,198,True,7491,20000,0.23355,0.14775
euclidean,199,True,10293,20000,0.32025,0.3192
euclidean,200,True,9113,20000,0.17275,0.26475
euclidean,201,True,11284,20000,0.19025,0.33285
euclidean,202,True,9986,20000,0.242,0.32035
euclidean,203,True,9376,20000,0.23665,0.20185
euclidean,204,True,7819,20000,0.23715,0.1981
euclidean,205,True,9596,20000,0.2438,0.14945
euclidean,206,True,10868,20000,0.23785,0.35405
euclidean,207,True,15044,20000,0.42575,0.25165
euclidean,208,True,11764,20000,0.23405,0.33765
euclidean,209,True,9559,20000,0.29595,0.17765
euclidean,210,True,12122,20000,0.3783,0.2833
euclidean,211,True,7907,20000,0.2332,0.2561
euclidean,212,True,10691,20000,0.3326,0.2376
euclidean,213,True,11079,20000,0.27355,0.23665
euclidean,214,True,8075,20000,0.18785,0.2316
euclidean,215,True,9533,20000,0.29495,0.26735
euclidean,216,True,9426,20000,0.2798,0.26995
euclidean,217,True,7799,20000,0.23945,0.13205
euclidean,218,True,8845,20000,0.25455,0.19775
euclidean,219,True,7891,20000,0.20255,0.2422
euclidean,220,True,10212,20000,0.21995,0.26825
euclidean,221,True,10007,20000,0.2773,0.2925
euclidean,222,True,6971,20000,0.22805,0.22455
euclidean,223,True,12034,20000,0.37195,0.1624
euclidean,224,True,7382,20000,0.13745,0.19935
euclidean,225,True,8033,20000,0.24415,0.2554
euclidean,226,True,10331,20000,0.15935,0.3115
euclidean,227,True,13596,20000,0.42325,0.2255
euclidean,228,True,10090,20000,0.315,0.1658
euclidean,229,True,9767,20000,0.2231,0.2891
euclidean,230,True,12668,20000,0.30325,0.2186
euclidean,231,True,9877,20000,0.27645,0.2497
euclidean,232,True,9085,20000,0.24935,0.27155
euclidean,233,True,8674,20000,0.17675,0.2761
euclidean,234,True,11102,20000,0.2191,0.2968
euclidean,235,True,9465,20000,0.2374,0.28775
euclidean,236,True,11767,20000,0.38355,0.23605
euclidean,237,True,7858,20000,0.22075,0.22845
euclidean,238,True,5303,20000,0.1567,0.1548
euclidean,239,True,9286,20000,0.2796,0.30205
euclidean,240,True,11610,20000,0.32205,0.33355
euclidean,241,True,10295,20000,0.2893,0.339
euclidean,242,True,9352,20000,0.1684,0.30885
euclidean,243,True,10874,20000,0.32045,0.2334
euclidean,244,True,9707,20000,0.3036,0.2914
euclidean,245,True,9397,20000,0.2803,0.2098
euclidean,246,True,10519,20000,0.30865,0.2408
euclidean,247,True,10419,20000,0.3215,0.205
euclidean,248,True,12229,20000,0.38505,0.2144
euclidean,249,True,10855,20000,0.3369,0.2012
euclidean,250,True,8102,20000,0.27255,0.2356
euclidean,251,True,9810,20000,0.29985,0.211
euclidean,252,True,9271,20000,0.2547,0.2793
euclidean,253,True,13051,20000,0.4031,0.26795
euclidean,254,True,8746,20000,0.2343,0.13305
euclidean,255,True,12006,20000,0.34175,0.23505
euclidean,256,True,8468,20000,0.16155,0.28205
euclidean,257,True,12726,20000,0.2563,0.38095
euclidean,258,True,6926,20000,0.1731,0.21145
euclidean,259,True,10154,20000,0.3051,0.1741
euclidean,260,True,11792,20000,0.3708,0.2723
euclidean,261,True,11192,20000,0.3036,0.3597
euclidean,262,True,9100,20000,0.23005,0.24955
euclidean,263,True,9941,20000,0.2725,0.1323
euclidean,264,True,9420,20000,0.22195,0.28175
euclidean,265,True,12289,20000,0.2747,0.38485
euclidean,266,True,10482,20000,0.20625,0.2684
euclidean,267,True,10254,20000,0.22645,0.30265
euclidean,268,True,10440,20000,0.3356,0.32235
euclidean,269,True,9420,20000,0.2038,0.26175
euclidean,270,True,9215,20000,0.2633,0.27235
euclidean,271,True,11680,20000,0.21105,0.3602
euclidean,272,True,8517,20000,0.28405,0.2738
euclidean,273,True,11233,20000,0.3,0.1839
euclidean,274,True,11600,20000,0.3223,0.1905
euclidean,275,True,9830,20000,0.19635,0.3052
euclidean,276,True,9122,20000,0.27225,0.1586
euclidean,277,True,15309,20000,0.43145,0.1907
euclidean,278,True,8559,20000,0.15195,0.23735
euclidean,279,True,4562,20000,0.13695,0.114
euclidean,280,True,11205,20000,0.18945,0.31565
euclidean,281,True,11529,20000,0.38325,0.23905
euclidean,282,True,7747,20000,0.21965,0.16925
euclidean,283,True,8881,20000,0.26135,0.23865
euclidean,284,True,8680,20000,0.2675,0.18785
euclidean,285,True,9704,20000,0.21905,0.28425
euclidean,286,True,14561,20000,0.2809,0.42595
euclidean,287,True,9405,20000,0.27965,0.15675
euclidean,288,True,8736,20000,0.2191,0.2653
euclidean,289,True,13004,20000,0.34535,0.22355
euclidean,290,True,8083,20000,0.1666,0.23275
euclidean,291,True,10440,20000,0.1612,0.32435
euclidean,292,True,14164,20000,0.3197,0.4481
euclidean,293,True,9898,20000,0.2161,0.26255
euclidean,294,True,11524,20000,0.28205,0.3735
euclidean,295,True,12564,20000,0.24645,0.37325
euclidean,296,True,10601,20000,0.3551,0.2985
euclidean,297,True,10854,20000,0.2936,0.2659
euclidean,298,True,8644,20000,0.2683,0.1738
euclidean,299,True,7836,20000,0.2239,0.20075
euclidean,300,True,9990,20000,0.33275,0.13975
euclidean,301,True,8773,20000,0.1541,0.2305
euclidean,302,True,12063,20000,0.2846,0.3162
euclidean,303,True,10424,20000,0.24505,0.32155
euclidean,304,True,7209,20000,0.19675,0.20665
euclidean,305,True,9856,20000,0.19685,0.25695
euclidean,306,True,14751,20000,0.23,0.32835
euclidean,307,True,16558,20000,0.38455,0.17815
euclidean,308,True,8960,20000,0.2579,0.28815
euclidean,309,True,11161,20000,0.27005,0.20195
euclidean,310,True,10173,20000,0.2467,0.29495
euclidean,311,True,9496,20000,0.1567,0.28655
euclidean,312,True,11796,20000,0.2891,0.204
euclidean,313,True,7336,20000,0.18065,0.20425
euclidean,314,True,8099,20000,0.23925,0.08375
euclidean,315,True,7600,20000,0.21075,0.16445
euclidean,316,True,8910,20000,0.2749,0.22195
euclidean,317,True,8054,20000,0.2371,0.2167
euclidean,318,True,7063,20000,0.1959,0.235
euclidean,319,True,9432,20000,0.2797,0.1766
euclidean,320,True,5998,20000,0.19755,0.17595
euclidean,321,True,10482,20000,0.27915,0.30165
euclidean,322,True,8360,20000,0.2142,0.15445
euclidean,323,True,6943,20000,0.19915,0.1929
euclidean,324,True,11357,20000,0.3479,0.29485
euclidean,325,True,8316,20000,0.2504,0.2502
euclidean,326,True,7406,20000,0.218,0.15205
euclidean,327,True,7773,20000,0.18295,0.15545
euclidean,328,True,10994,20000,0.27315,0.3434
euclidean,329,True,9247,20000,0.2126,0.2451
euclidean,330,True,10388,20000,0.2344,0.3266
euclidean,331,True,8449,20000,0.2541,0.27155
euclidean,332,True,8998,20000,0.1956,0.25005
euclidean,333,True,6889,20000,0.20815,0.1351
euclidean,334,True,8293,20000,0.2424,0.2252
euclidean,335,True,7871,20000,0.25415,0.22505
euclidean,336,True,9623,20000,0.1885,0.2857
euclidean,337,True,8461,20000,0.23235,0.1112
euclidean,338,True,11068,20000,0.33275,0.21025
euclidean,339,True,8904,20000,0.24445,0.2728
euclidean,340,True,9560,20000,0.3056,0.16515
euclidean,341,True,9237,20000,0.2478,0.29875
euclidean,342,True,9445,20000,0.28815,0.20645
euclidean,343,True,11931,20000,0.3553,0.3468
euclidean,344,True,8517,20000,0.19205,0.2321
euclidean,345,True,10850,20000,0.1597,0.2928
euclidean,346,True,7531,20000,0.2261,0.2256
euclidean,347,True,8132,20000,0.12505,0.23955
euclidean,348,True,9460,20000,0.15845,0.3093
euclidean,349,True,7488,20000,0.2048,0.21195
euclidean,350,True,9461,20000,0.29515,0.19745
euclidean,351,True,9763,20000,0.2639,0.12815
euclidean,352,True,8737,20000,0.16595,0.26225
euclidean,353,True,10981,20000,0.1712,0.3321
euclidean,354,True,8757,20000,0.20625,0.18145
euclidean,355,True,13016,20000,0.43175,0.17825
euclidean,356,True,8408,20000,0.23945,0.24695
euclidean,357,True,9208,20000,0.2022,0.26065
euclidean,358,True,9123,20000,0.2585,0.21235
euclidean,359,True,8239,20000,0.2355,0.14
euclidean,360,True,15119,20000,0.3851,0.22995
euclidean,361,True,11168,20000,0.26715,0.28785
euclidean,362,True,9881,20000,0.26575,0.1934
euclidean,363,True,12365,20000,0.2635,0.40215
euclidean,364,True,13300,20000,0.1517,0.3132
euclidean,365,True,9239,20000,0.2768,0.2642
euclidean,366,True,5223,20000,0.1291,0.1547
euclidean,367,True,10890,20000,0.11175,0.3351
euclidean,368,True,6104,20000,0.174,0.2038
euclidean,369,True,9539,20000,0.25255,0.29165
euclidean,370,True,10415,20000,0.19815,0.1885
euclidean,371,True,10877,20000,0.31875,0.1452
euclidean,372,True,7757,20000,0.1779,0.16965
euclidean,373,True,9820,20000,0.21015,0.23595
euclidean,374,True,9734,20000,0.22005,0.1846
euclidean,375,True,9347,20000,0.2572,0.2896
euclidean,376,True,13205,20000,0.3756,0.3366
euclidean,377,True,10076,20000,0.23865,0.30655
euclidean,378,True,7746,20000,0.1374,0.2099
euclidean,379,True,8458,20000,0.2575,0.26045
euclidean,380,True,9730,20000,0.187,0.2344
euclidean,381,True,8515,20000,0.1645,0.2292
euclidean,382,True,9600,20000,0.2677,0.32705
euclidean,383,True,12631,20000,0.42825,0.2289
euclidean,384,True,16644,20000,0.2576,0.4764
euclidean,385,True,7427,20000,0.23485,0.17625
euclidean,386,True,5595,20000,0.1287,0.1692
euclidean,387,True,6096,20000,0.18225,0.15715
euclidean,388,True,6947,20000,0.2217,0.18895
euclidean,389,True,6872,20000,0.1914,0.1541
euclidean,390,True,9597,20000,0.2689,0.25285
euclidean,391,True,12406,20000,0.3773,0.1645
euclidean,392,True,8291,20000,0.2299,0.1598
euclidean,393,True,8122,20000,0.1103,0.2233
euclidean,394,True,8706,20000,0.20155,0.2639
euclidean,395,True,7587,20000,0.25025,0.22745
euclidean,396,True,8845,20000,0.2771,0.18775
euclidean,397,True,8057,20000,0.17775,0.25055
euclidean,398,True,12458,20000,0.278,0.3573
euclidean,399,True,11420,20000,0.3113,0.22995
euclidean,400,True,13294,20000,0.24185,0.3969
euclidean,401,True,4747,20000,0.10235,0.1351
euclidean,402,True,9650,20000,0.26055,0.26565
euclidean,403,True,10924,20000,0.31105,0.2189
euclidean,404,True,10762,20000,0.1821,0.3069
euclidean,405,True,9200,20000,0.20615,0.17915
euclidean,406,True,8535,20000,0.22355,0.26885
euclidean,407,True,5861,20000,0.1696,0.17155
euclidean,408,True,13725,20000,0.3578,0.19185
euclidean,409,True,13425,20000,0.44495,0.17955
euclidean,410,True,7068,20000,0.21545,0.2105
euclidean,411,True,9141,20000,0.2651,0.2064
euclidean,412,True,7980,20000,0.23375,0.2344
euclidean,413,True,5955,20000,0.11975,0.1784
euclidean,414,True,12643,20000,0.358,0.21895
euclidean,415,True,14110,20000,0.4189,0.2565
euclidean,416,True,10574,20000,0.2705,0.32655
euclidean,417,True,10511,20000,0.2863,0.26035
euclidean,418,True,9039,20000,0.24375,0.2683
euclidean,419,True,10151,20000,0.1631,0.3216
euclidean,420,True,7826,20000,0.198,0.206
euclidean,421,True,11155,20000,0.34755,0.21455
euclidean,422,True,10096,20000,0.19385,0.2064
euclidean,423,True,9850,20000,0.27525,0.24095
euclidean,424,True,6322,20000,0.12455,0.20465
euclidean,425,True,10455,20000,0.30935,0.19275
euclidean,426,True,13712,20000,0.22765,0.4176
euclidean,427,True,10254,20000,0.2124,0.3257
euclidean,428,True,8855,20000,0.2772,0.1644
euclidean,429,True,12316,20000,0.1333,0.3645
euclidean,430,True,6989,20000,0.20135,0.1683
euclidean,431,True,9218,20000,0.23085,0.2536
euclidean,432,True,7267,20000,0.22685,0.1235
euclidean,433,True,8980,20000,0.20965,0.29115
euclidean,434,True,14180,20000,0.20895,0.37555
euclidean,435,True,6990,20000,0.19415,0.19605
euclidean,436,True,8534,20000,0.22925,0.1651
euclidean,437,True,11514,20000,0.36235,0.35455
euclidean,438,True,9825,20000,0.23445,0.2474
euclidean,439,True,9224,20000,0.2069,0.27355
euclidean,440,True,8557,20000,0.26315,0.2266
euclidean,441,True,7323,20000,0.2323,0.1708
euclidean,442,True,9438,20000,0.24085,0.2878
euclidean,443,True,10879,20000,0.2932,0.22575
euclidean,444,True,6701,20000,0.2036,0.18535
euclidean,445,True,7947,20000,0.26015,0.2136
euclidean,446,True,6911,20000,0.18085,0.1582
euclidean,447,True,7647,20000,0.2038,0.1757
euclidean,448,True,7785,20000,0.18975,0.1994
euclidean,449,True,10263,20000,0.2407,0.34545
euclidean,450,True,8423,20000,0.24395,0.18295
euclidean,451,True,10987,20000,0.24415,0.3169
euclidean,452,True,5670,20000,0.1487,0.15215
euclidean,453,True,8929,20000,0.2567,0.2876
euclidean,454,True,8829,20000,0.21245,0.2857
euclidean,455,True,11004,20000,0.3409,0.2054
euclidean,456,True,11026,20000,0.30955,0.3474
euclidean,457,True,9437,20000,0.2954,0.2032
euclidean,458,True,10454,20000,0.2057,0.29585
euclidean,459,True,9220,20000,0.25045,0.232
euclidean,460,True,8353,20000,0.1892,0.24965
euclidean,461,True,10459,20000,0.2514,0.32765
euclidean,462,True,10585,20000,0.29145,0.3144
euclidean,463,True,7708,20000,0.16475,0.21065
euclidean,464,True,8908,20000,0.28745,0.26425
euclidean,465,True,10577,20000,0.20355,0.3265
euclidean,466,True,8072,20000,0.22495,0.2424
euclidean,467,True,7589,20000,0.2147,0.21225
euclidean,468,True,12333,20000,0.3401,0.25925
euclidean,469,True,11371,20000,0.11065,0.3013
euclidean,470,True,9958,20000,0.2765,0.25265
euclidean,471,True,10556,20000,0.23485,0.2809
euclidean,472,True,11442,20000,0.3447,0.3284
euclidean,473,True,8516,20000,0.28365,0.12525
euclidean,474,True,9047,20000,0.14435,0.25885
euclidean,475,True,10695,20000,0.25,0.30295
euclidean,476,True,9084,20000,0.28425,0.19035
euclidean,477,True,7422,20000,0.2203,0.1362
euclidean,478,True,7158,20000,0.1675,0.2255
euclidean,479,True,10075,20000,0.2095,0.301
euclidean,480,True,9525,20000,0.2986,0.1465
euclidean,481,True,10324,20000,0.3346,0.13885
euclidean,482,True,8957,20000,0.214,0.27435
euclidean,483,True,10666,20000,0.2502,0.32835
euclidean,484,True,8674,20000,0.2151,0.26165
euclidean,485,True,11094,20000,0.3428,0.2181
euclidean,486,True,9874,20000,0.3059,0.29155
euclidean,487,True,10864,20000,0.2901,0.31185
euclidean,488,True,9784,20000,0.2853,0.27255
euclidean,489,True,8867,20000,0.21695,0.25295
euclidean,490,True,8594,20000,0.2532,0.27645
euclidean,491,True,8970,20000,0.2659,0.242
euclidean,492,True,11795,20000,0.2587,0.32555
euclidean,493,True,8331,20000,0.21235,0.23765
euclidean,494,True,8124,20000,0.2297,0.1722
euclidean,495,True,10247,20000,0.21975,0.31285
euclidean,496,True,11530,20000,0.1589,0.3333
euclidean,497,True,15160,20000,0.50015,0.29905
euclidean,498,True,13524,20000,0.40755,0.1634
euclidean,499,True,6552,20000,0.11555,0.18115
euclidean,500,True,12959,20000,0.3686,0.2097
euclidean,501,True,8398,20000,0.23765,0.13725
euclidean,502,True,9520,20000,0.2685,0.2273
euclidean,503,True,11778,20000,0.1874,0.37165
euclidean,504,True,14247,20000,0.4198,0.29405
euclidean,505,True,9547,20000,0.2763,0.23425
euclidean,506,True,13961,20000,0.4138,0.2025
euclidean,507,True,6697,20000,0.174,0.1935
euclidean,508,True,8256,20000,0.2044,0.24065
euclidean,509,True,7307,20000,0.19205,0.23435
euclidean,510,True,8950,20000,0.24165,0.26215
euclidean,511,True,9565,20000,0.15465,0.3308
euclidean,512,True,7623,20000,0.2321,0.1998
euclidean,513,True,9433,20000,0.30385,0.1925
euclidean,514,True,8466,20000,0.15305,0.2119
euclidean,515,True,6897,20000,0.2063,0.2247
euclidean,516,True,8004,20000,0.1843,0.23795
euclidean,517,True,9711,20000,0.24785,0.2833
euclidean,518,True,7427,20000,0.13735,0.2125
euclidean,519,True,8821,20000,0.25625,0.2245
euclidean,520,True,10434,20000,0.2941,0.28925
euclidean,521,True,10978,20000,0.3001,0.335
euclidean,522,True,12840,20000,0.38815,0.221
euclidean,523,True,17639,20000,0.58025,0.23295
euclidean,524,True,8879,20000,0.23005,0.231
euclidean,525,True,10539,20000,0.27205,0.32595
euclidean,526,True,9137,20000,0.2839,0.2776
euclidean,527,True,11538,20000,0.3568,0.192
euclidean,528,True,6432,20000,0.12685,0.20695
euclidean,529,True,10650,20000,0.28085,0.1819
euclidean,530,True,9484,20000,0.2325,0.1268
euclidean,531,True,8484,20000,0.13775,0.2248
euclidean,532,True,13823,20000,0.1944,0.41395
euclidean,533,True,11467,20000,0.32255,0.2046
euclidean,534,True,8277,20000,0.1021,0.24445
euclidean,535,True,12314,20000,0.3254,0.2094
euclidean,536,True,7776,20000,0.1979,0.24705
euclidean,537,True,10321,20000,0.1803,0.26255
euclidean,538,True,11097,20000,0.2378,0.32335
euclidean,539,True,9966,20000,0.28305,0.19645
euclidean,540,True,7855,20000,0.14335,0.2307
euclidean,541,True,15559,20000,0.17865,0.49475
euclidean,542,True,9502,20000,0.19165,0.27665
euclidean,543,True,10402,20000,0.27775,0.1288
euclidean,544,True,9634,20000,0.2727,0.1712
euclidean,545,True,12354,20000,0.21565,0.38725
euclidean,546,True,10681,20000,0.35085,0.29835
euclidean,547,True,10964,20000,0.2546,0.3014
euclidean,548,True,10943,20000,0.1893,0.28615
euclidean,549,True,8261,20000,0.2468,0.19655
euclidean,550,True,6922,20000,0.1843,0.16505
euclidean,551,True,9366,20000,0.229,0.27715
euclidean,552,True,9458,20000,0.20095,0.2499
euclidean,553,True,12051,20000,0.3503,0.22185
euclidean,554,True,9185,20000,0.2427,0.25825
euclidean,555,True,16938,20000,0.32915,0.51335
euclidean,556,True,8267,20000,0.23515,0.2306
euclidean,557,True,13198,20000,0.33,0.2247
euclidean,558,True,12175,20000,0.3827,0.20385
euclidean,559,True,9271,20000,0.1457,0.273
euclidean,560,True,6591,20000,0.2111,0.17435
euclidean,561,True,13203,20000,0.2404,0.4012
euclidean,562,True,8889,20000,0.25755,0.15965
euclidean,563,True,7633,20000,0.22045,0.20975
euclidean,564,True,9059,20000,0.24905,0.287
euclidean,565,True,15817,20000,0.32285,0.4941
euclidean,566,True,13139,20000,0.41725,0.18555
euclidean,567,True,7363,20000,0.2072,0.2218
euclidean,568,True,6738,20000,0.2005,0.17815
euclidean,569,True,5845,20000,0.2037,0.21295
euclidean,570,True,10070,20000,0.30515,0.2402
euclidean,571,True,7888,20000,0.124,0.2259
euclidean,572,True,8841,20000,0.2621,0.1658
euclidean,573,True,9792,20000,0.1978,0.2952
euclidean,574,True,10341,20000,0.15555,0.30625
euclidean,575,True,8387,20000,0.19775,0.23005
euclidean,576,True,8680,20000,0.2492,0.26615
euclidean,577,True,10011,20000,0.29145,0.2254
euclidean,578,True,10575,20000,0.20115,0.3245
euclidean,579,True,6978,20000,0.2318,0.21955
euclidean,580,True,10029,20000,0.332,0.2557
euclidean,581,True,9755,20000,0.21775,0.24215
euclidean,582,True,11033,20000,0.2882,0.26505
euclidean,583,True,10100,20000,0.2798,0.26765
euclidean,584,True,8196,20000,0.26235,0.22345
euclidean,585,True,6835,20000,0.20365,0.20965
euclidean,586,True,10310,20000,0.33055,0.26405
euclidean,587,True,11233,20000,0.30845,0.23845
euclidean,588,True,10644,20000,0.31305,0.26595
euclidean,589,True,6970,20000,0.17865,0.1486
euclidean,590,True,11377,20000,0.2552,0.3293
euclidean,591,True,9262,20000,0.27445,0.2271
euclidean,592,True,16604,20000,0.47925,0.21085
euclidean,593,True,12344,20000,0.3724,0.2206
euclidean,594,True,7814,20000,0.2388,0.2559
euclidean,595,True,9504,20000,0.1665,0.23965
euclidean,596,True,6380,20000,0.1911,0.18355
euclidean,597,True,7117,20000,0.1937,0.1676
euclidean,598,True,8954,20000,0.2736,0.1692
euclidean,599,True,7474,20000,0.2264,0.2197
euclidean,600,True,10646,20000,0.3222,0.31725
euclidean,601,True,7526,20000,0.24585,0.15875
euclidean,602,True,9685,20000,0.22355,0.3168
euclidean,603,True,11180,20000,0.2611,0.32385
euclidean,604,True,8685,20000,0.1489,0.2501
euclidean,605,True,8841,20000,0.166,0.29355
euclidean,606,True,9424,20000,0.1533,0.2917
euclidean,607,True,8537,20000,0.2261,0.12355
euclidean,608,True,5104,20000,0.1257,0.1314
euclidean,609,True,9431,20000,0.2663,0.1522
euclidean,610,True,14751,20000,0.3633,0.3452
euclidean,611,True,8530,20000,0.23175,0.24825
euclidean,612,True,9297,20000,0.2715,0.29425
euclidean,613,True,9972,20000,0.2985,0.22085
euclidean,614,True,9008,20000,0.19345,0.285
euclidean,615,True,8481,20000,0.25545,0.22725
euclidean,616,True,7888,20000,0.20175,0.18585
euclidean,617,True,9974,20000,0.2091,0.293
euclidean,618,True,11089,20000,0.2522,0.36275
euclidean,619,True,9854,20000,0.2413,0.27565
euclidean,620,True,14275,20000,0.22515,0.42865
euclidean,621,True,10841,20000,0.2045,0.288
euclidean,622,True,13965,20000,0.2501,0.3992
euclidean,623,True,7983,20000,0.20545,0.17735
euclidean,624,True,9530,20000,0.3045,0.1852
euclidean,625,True,8332,20000,0.21705,0.22425
euclidean,626,True,8674,20000,0.1685,0.2736
euclidean,627,True,11876,20000,0.31185,0.2153
euclidean,628,True,8949,20000,0.287,0.28305
euclidean,629,True,12080,20000,0.38325,0.36855
euclidean,630,True,9024,20000,0.20745,0.26605
euclidean,631,True,8913,20000,0.17425,0.29255
euclidean,632,True,9250,20000,0.2185,0.2682
euclidean,633,True,12965,20000,0.27245,0.37145
euclidean,634,True,9529,20000,0.26725,0.20885
euclidean,635,True,11055,20000,0.19655,0.2859
euclidean,636,True,7165,20000,0.2046,0.19935
euclidean,637,True,7287,20000,0.20255,0.2273
euclidean,638,True,9104,20000,0.2646,0.29145
euclidean,639,True,9146,20000,0.2825,0.2452
euclidean,640,True,8039,20000,0.23705,0.2427
euclidean,641,True,9465,20000,0.26345,0.20775
euclidean,642,True,9203,20000,0.2778,0.20365
euclidean,643,True,10226,20000,0.26825,0.20295
euclidean,644,True,11311,20000,0.28995,0.17105
euclidean,645,True,6142,20000,0.1574,0.17365
euclidean,646,True,7516,20000,0.1834,0.19345
euclidean,647,True,13849,20000,0.37275,0.38545
euclidean,648,True,9949,20000,0.30455,0.33125
euclidean,649,True,8076,20000,0.24965,0.1297
euclidean,650,True,11344,20000,0.2718,0.3268
euclidean,651,True,12286,20000,0.2803,0.2094
euclidean,652,True,10227,20000,0.2738,0.3152
euclidean,653,True,6974,20000,0.2214,0.1529
euclidean,654,True,8947,20000,0.2575,0.24765
euclidean,655,True,10994,20000,0.22585,0.3523
euclidean,656,True,8860,20000,0.28075,0.18325
euclidean,657,True,13220,20000,0.36615,0.3535
euclidean,658,True,8932,20000,0.15415,0.25885
euclidean,659,True,8341,20000,0.22555,0.19055
euclidean,660,True,11035,20000,0.27795,0.27905
euclidean,661,True,9570,20000,0.09945,0.2507
euclidean,662,True,10443,20000,0.2606,0.2741
euclidean,663,True,11961,20000,0.16945,0.32295
euclidean,664,True,10158,20000,0.1577,0.29685
euclidean,665,True,11798,20000,0.32735,0.17115
euclidean,666,True,8954,20000,0.2712,0.23315
euclidean,667,True,9512,20000,0.11575,0.24405
euclidean,668,True,9543,20000,0.29665,0.29465
euclidean,669,True,10626,20000,0.3094,0.20085
euclidean,670,True,6850,20000,0.17255,0.1897
euclidean,671,True,10608,20000,0.285,0.2953
euclidean,672,True,8647,20000,0.2869,0.21965
euclidean,673,True,14351,20000,0.4472,0.18305
euclidean,674,True,9000,20000,0.28475,0.255
euclidean,675,True,7414,20000,0.2415,0.23635
euclidean,676,True,4688,20000,0.1543,0.12495
euclidean,677,True,8442,20000,0.22965,0.26255
euclidean,678,True,7135,20000,0.22135,0.2172
euclidean,679,True,10786,20000,0.20565,0.34125
euclidean,680,True,9406,20000,0.20145,0.26815
euclidean,681,True,12000,20000,0.2217,0.37165
euclidean,682,True,9316,20000,0.2911,0.1636
euclidean,683,True,11193,20000,0.273,0.3195
euclidean,684,True,11197,20000,0.33265,0.19115
euclidean,685,True,10689,20000,0.3083,0.19875
euclidean,686,True,8829,20000,0.25145,0.18275
euclidean,687,True,10629,20000,0.3108,0.22885
euclidean,688,True,10986,20000,0.31215,0.23445
euclidean,689,True,7736,20000,0.17545,0.21455
euclidean,690,True,10752,20000,0.28205,0.26185
euclidean,691,True,7528,20000,0.1968,0.24345
euclidean,692,True,12006,20000,0.37425,0.31605
euclidean,693,True,7562,20000,0.21985,0.24385
euclidean,694,True,10203,20000,0.2745,0.19545
euclidean,695,True,7996,20000,0.21625,0.2351
euclidean,696,True,10108,20000,0.30675,0.22715
euclidean,697,True,8904,20000,0.27385,0.2622
euclidean,698,True,9054,20000,0.23535,0.2692
euclidean,699,True,8702,20000,0.26435,0.2572
euclidean,700,True,7908,20000,0.1055,0.25795
euclidean,701,True,7120,20000,0.21795,0.20595
euclidean,702,True,14938,20000,0.2421,0.4674
euclidean,703,True,6169,20000,0.11865,0.1313
euclidean,704,True,9736,20000,0.24255,0.25765
euclidean,705,True,9189,20000,0.1637,0.2771
euclidean,706,True,9621,20000,0.15005,0.29335
euclidean,707,True,11329,20000,0.1733,0.2962
euclidean,708,True,11540,20000,0.2189,0.33905
euclidean,709,True,12784,20000,0.40655,0.24905
euclidean,710,True,8898,20000,0.2473,0.2249
euclidean,711,True,9752,20000,0.2752,0.2424
euclidean,712,True,11233,20000,0.21415,0.35785
euclidean,713,True,6705,20000,0.2035,0.2167
euclidean,714,True,11201,20000,0.24855,0.32935
euclidean,715,True,9243,20000,0.2645,0.28655
euclidean,716,True,10815,20000,0.3569,0.22185
euclidean,717,True,10279,20000,0.29965,0.3251
euclidean,718,True,15430,20000,0.18365,0.4641
euclidean,719,True,10563,20000,0.1854,0.33325
euclidean,720,True,5508,20000,0.15245,0.15695
euclidean,721,True,10110,20000,0.2844,0.30215
euclidean,722,True,12031,20000,0.1625,0.3577
euclidean,723,True,9014,20000,0.2362,0.28675
euclidean,724,True,7562,20000,0.2141,0.2395
euclidean,725,True,7497,20000,0.2351,0.20985
euclidean,726,True,10894,20000,0.32355,0.214
euclidean,727,True,10913,20000,0.2584,0.29985
euclidean,728,True,8920,20000,0.25505,0.2796
euclidean,729,True,9085,20000,0.2614,0.1812
euclidean,730,True,7072,20000,0.23205,0.24085
euclidean,731,True,8197,20000,0.2322,0.2368
euclidean,732,True,7323,20000,0.21715,0.18655
euclidean,733,True,10350,20000,0.33825,0.15195
euclidean,734,True,8170,20000,0.16565,0.2616
euclidean,735,True,10523,20000,0.31305,0.17525
euclidean,736,True,7957,20000,0.2212,0.23325
euclidean,737,True,10133,20000,0.21015,0.2906
euclidean,738,True,8611,20000,0.2642,0.16615
euclidean,739,True,10602,20000,0.29705,0.28155
euclidean,740,True,11012,20000,0.30005,0.24645
euclidean,741,True,9590,20000,0.26725,0.3034
euclidean,742,True,9495,20000,0.2813,0.26635
euclidean,743,True,15136,20000,0.48345,0.2224
euclidean,744,True,7614,20000,0.19855,0.2066
euclidean,745,True,9398,20000,0.16715,0.2853
euclidean,746,True,8905,20000,0.27335,0.11745
euclidean,747,True,10288,20000,0.1477,0.30215
euclidean,748,True,8767,20000,0.2231,0.2263
euclidean,749,True,8902,20000,0.26425,0.24115
euclidean,750,True,7920,20000,0.2343,0.25255
euclidean,751,True,10695,20000,0.21295,0.3222
euclidean,752,True,12007,20000,0.2451,0.3408
euclidean,753,True,9903,20000,0.27565,0.28495
euclidean,754,True,11257,20000,0.34085,0.1294
euclidean,755,True,9093,20000,0.2622,0.22105
euclidean,756,True,7894,20000,0.20905,0.2572
euclidean,757,True,8879,20000,0.26715,0.23065
euclidean,758,True,5747,20000,0.1755,0.14905
euclidean,759,True,7677,20000,0.2122,0.1695
euclidean,760,True,11459,20000,0.1638,0.3252
euclidean,761,True,10034,20000,0.184,0.3015
euclidean,762,True,11007,20000,0.35595,0.1966
euclidean,763,True,9144,20000,0.26175,0.27975
euclidean,764,True,10400,20000,0.32985,0.2855
euclidean,765,True,11289,20000,0.305,0.31415
euclidean,766,True,8888,20000,0.1772,0.2425
euclidean,767,True,7922,20000,0.1977,0.2082
euclidean,768,True,6679,20000,0.19075,0.2081
euclidean,769,True,8002,20000,0.2162,0.2378
euclidean,770,True,10596,20000,0.29085,0.2454
euclidean,771,True,8619,20000,0.24625,0.2071
euclidean,772,True,10594,20000,0.3401,0.25315
euclidean,773,True,8471,20000,0.23425,0.15615
euclidean,774,True,13083,20000,0.24095,0.404
euclidean,775,True,9008,20000,0.29595,0.1498
euclidean,776,True,8616,20000,0.27205,0.28515
euclidean,777,True,9246,20000,0.1932,0.2345
euclidean,778,True,7630,20000,0.23645,0.196
euclidean,779,True,7719,20000,0.1836,0.23545
euclidean,780,True,10547,20000,0.1717,0.33355
euclidean,781,True,9936,20000,0.30285,0.18065
euclidean,782,True,7763,20000,0.1997,0.12385
euclidean,783,True,6937,20000,0.22765,0.17165
euclidean,784,True,7076,20000,0.1988,0.191
euclidean,785,True,8206,20000,0.2438,0.21785
euclidean,786,True,11906,20000,0.2683,0.351
euclidean,787,True,6808,20000,0.1762,0.21235
euclidean,788,True,8009,20000,0.2412,0.22615
euclidean,789,True,8689,20000,0.2624,0.20285
euclidean,790,True,8185,20000,0.2116,0.24255
euclidean,791,True,9585,20000,0.2787,0.2516
euclidean,792,True,6049,20000,0.1869,0.132
euclidean,793,True,11427,20000,0.25825,0.34285
euclidean,794,True,9610,20000,0.20445,0.3036
euclidean,795,True,8722,20000,0.22585,0.20475
euclidean,796,True,8608,20000,0.2863,0.2031
euclidean,797,True,9714,20000,0.3017,0.23525
euclidean,798,True,10362,20000,0.21715,0.29415
euclidean,799,True,10331,20000,0.2918,0.29955
euclidean,800,True,8868,20000,0.25235,0.2786
euclidean,801,True,9673,20000,0.25625,0.26895
euclidean,802,True,8843,20000,0.21405,0.2623
euclidean,803,True,12639,20000,0.38905,0.2204
euclidean,804,True,11960,20000,0.2115,0.3703
euclidean,805,True,7516,20000,0.15005,0.2118
euclidean,806,True,8622,20000,0.2436,0.27205
euclidean,807,True,10875,20000,0.1702,0.2556
euclidean,808,True,11849,20000,0.14255,0.36645
euclidean,809,True,10262,20000,0.2759,0.33285
euclidean,810,True,10943,20000,0.15355,0.31175
euclidean,811,True,8946,20000,0.1984,0.2703
euclidean,812,True,11179,20000,0.18985,0.3452
euclidean,813,True,10984,20000,0.2021,0.36245
euclidean,814,True,10599,20000,0.3221,0.2953
euclidean,815,True,10468,20000,0.31785,0.3287
euclidean,816,True,6168,20000,0.1767,0.14715
euclidean,817,True,10114,20000,0.2457,0.2998
euclidean,818,True,12378,20000,0.36095,0.1217
euclidean,819,True,10692,20000,0.23635,0.24755
euclidean,820,True,7426,20000,0.14525,0.2041
euclidean,821,True,8590,20000,0.24255,0.25295
euclidean,822,True,8894,20000,0.27265,0.26145
euclidean,823,True,8356,20000,0.1961,0.18815
euclidean,824,True,11869,20000,0.28485,0.2407
euclidean,825,True,9766,20000,0.287,0.2689
euclidean,826,True,10162,20000,0.2907,0.33025
euclidean,827,True,6553,20000,0.19405,0.18515
euclidean,828,True,13653,20000,0.33805,0.36585
euclidean,829,True,12776,20000,0.2295,0.38565
euclidean,830,True,8761,20000,0.20305,0.24485
euclidean,831,True,11063,20000,0.3012,0.2535
euclidean,832,True,10211,20000,0.2505,0.20315
euclidean,833,True,8836,20000,0.2907,0.2115
euclidean,834,True,16085,20000,0.4941,0.2411
euclidean,835,True,8014,20000,0.2212,0.17345
euclidean,836,True,7271,20000,0.23605,0.18845
euclidean,837,True,10269,20000,0.25725,0.19295
euclidean,838,True,9555,20000,0.23135,0.2556
euclidean,839,True,6636,20000,0.16665,0.20095
euclidean,840,True,9303,20000,0.19345,0.24985
euclidean,841,True,8163,20000,0.22335,0.1337
euclidean,842,True,5439,20000,0.16935,0.17245
euclidean,843,True,8183,20000,0.23825,0.22595
euclidean,844,True,5067,20000,0.133,0.16355
euclidean,845,True,10148,20000,0.22245,0.29885
euclidean,846,True,9098,20000,0.25765,0.20415
euclidean,847,True,7997,20000,0.14745,0.2285
euclidean,848,True,6279,20000,0.20295,0.18705
euclidean,849,True,5712,20000,0.14265,0.1767
euclidean,850,True,9490,20000,0.2571,0.30385
euclidean,851,True,9913,20000,0.1768,0.2988
euclidean,852,True,10397,20000,0.1635,0.3121
euclidean,853,True,9950,20000,0.16045,0.28685
euclidean,854,True,6202,20000,0.17885,0.17215
euclidean,855,True,10371,20000,0.3231,0.1848
euclidean,856,True,8132,20000,0.207,0.22715
euclidean,857,True,6596,20000,0.22015,0.14635
euclidean,858,True,10058,20000,0.26,0.2069
euclidean,859,True,10634,20000,0.2499,0.34045
euclidean,860,True,10821,20000,0.30775,0.1925
euclidean,861,True,10859,20000,0.15845,0.24405
euclidean,862,True,6259,20000,0.1584,0.17125
euclidean,863,True,9816,20000,0.24785,0.2303
euclidean,864,True,8561,20000,0.22755,0.17115
euclidean,865,True,9981,20000,0.2298,0.28855
euclidean,866,True,8579,20000,0.20085,0.24615
euclidean,867,True,10834,20000,0.3276,0.12125
euclidean,868,True,11828,20000,0.2102,0.36295
euclidean,869,True,10247,20000,0.12195,0.2795
euclidean,870,True,11313,20000,0.2446,0.34055
euclidean,871,True,10529,20000,0.1725,0.31605
euclidean,872,True,11153,20000,0.302,0.14075
euclidean,873,True,6602,20000,0.18495,0.13715
euclidean,874,True,10536,20000,0.20085,0.3119
euclidean,875,True,11665,20000,0.2803,0.3298
euclidean,876,True,8311,20000,0.25375,0.10655
euclidean,877,True,6942,20000,0.18425,0.1997
euclidean,878,True,9939,20000,0.1631,0.2551
euclidean,879,True,7555,20000,0.2067,0.22195
euclidean,880,True,7477,20000,0.184,0.23405
euclidean,881,True,10112,20000,0.19065,0.3208
euclidean,882,True,14363,20000,0.20395,0.40015
euclidean,883,True,10834,20000,0.15445,0.18645
euclidean,884,True,6494,20000,0.18515,0.12295
euclidean,885,True,6541,20000,0.1108,0.18495
euclidean,886,True,9334,20000,0.2788,0.20035
euclidean,887,True,9585,20000,0.272,0.1802
euclidean,888,True,12145,20000,0.21065,0.36765
euclidean,889,True,12119,20000,0.24285,0.2577
euclidean,890,True,6520,20000,0.18135,0.1706
euclidean,891,True,11049,20000,0.3305,0.27935
euclidean,892,True,8951,20000,0.27645,0.11925
euclidean,893,True,7817,20000,0.17785,0.1719
euclidean,894,True,6545,20000,0.19125,0.17325
euclidean,895,True,7401,20000,0.1993,0.1692
euclidean,896,True,13151,20000,0.1753,0.43965
euclidean,897,True,9274,20000,0.1924,0.30095
euclidean,898,True,10296,20000,0.1983,0.31875
euclidean,899,True,5520,20000,0.17885,0.1689
euclidean,900,True,10723,20000,0.1404,0.35245
euclidean,901,True,8243,20000,0.22655,0.1912
euclidean,902,True,12014,20000,0.35215,0.18915
euclidean,903,True,8688,20000,0.24885,0.22805
euclidean,904,True,8612,20000,0.1766,0.25635
euclidean,905,True,9879,20000,0.21505,0.29535
euclidean,906,True,11290,20000,0.15085,0.3349
euclidean,907,True,11677,20000,0.22305,0.34335
euclidean,908,True,11060,20000,0.1742,0.34375
euclidean,909,True,8770,20000,0.2493,0.2034
euclidean,910,True,10031,20000,0.3023,0.2519
euclidean,911,True,8182,20000,0.22195,0.1674
euclidean,912,True,7493,20000,0.24085,0.20835
euclidean,913,True,11271,20000,0.3225,0.18935
euclidean,914,True,7175,20000,0.23,0.2034
euclidean,915,True,11159,20000,0.1933,0.29045
euclidean,916,True,8654,20000,0.1699,0.23585
euclidean,917,True,8410,20000,0.1915,0.2161
euclidean,918,True,11636,20000,0.35395,0.1738
euclidean,919,True,6121,20000,0.1728,0.1797
euclidean,920,True,13233,20000,0.25315,0.4351
euclidean,921,True,6934,20000,0.1811,0.18355
euclidean,922,True,16576,20000,0.26455,0.49225
euclidean,923,True,7913,20000,0.24185,0.2257
euclidean,924,True,12056,20000,0.141,0.36585
euclidean,925,True,11398,20000,0.22305,0.28215
euclidean,926,True,7817,20000,0.22315,0.19795
euclidean,927,True,8806,20000,0.25115,0.28455
euclidean,928,True,8490,20000,0.1989,0.2176
euclidean,929,True,12049,20000,0.2509,0.3771
euclidean,930,True,12106,20000,0.3418,0.2174
euclidean,931,True,11524,20000,0.318,0.19815
euclidean,932,True,12270,20000,0.19295,0.3809
euclidean,933,True,8789,20000,0.25015,0.23575
euclidean,934,True,6707,20000,0.2323,0.2113
euclidean,935,True,9892,20000,0.2276,0.2969
euclidean,936,True,8165,20000,0.2636,0.1767
euclidean,937,True,6597,20000,0.21525,0.20735
euclidean,938,True,7329,20000,0.22455,0.1161
euclidean,939,True,7356,20000,0.16645,0.24065
euclidean,940,True,8512,20000,0.2665,0.1813
euclidean,941,True,5993,20000,0.1245,0.1503
euclidean,942,True,9574,20000,0.27235,0.29375
euclidean,943,True,9179,20000,0.2488,0.246
euclidean,944,True,7580,20000,0.2068,0.2187
euclidean,945,True,10704,20000,0.1857,0.3194
euclidean,946,True,13033,20000,0.386,0.40785
euclidean,947,True,8536,20000,0.2486,0.1462
euclidean,948,True,8990,20000,0.26065,0.20935
euclidean,949,True,8153,20000,0.2515,0.25105
euclidean,950,True,6400,20000,0.13245,0.20955
euclidean,951,True,9407,20000,0.26185,0.2651
euclidean,952,True,8949,20000,0.2605,0.26325
euclidean,953,True,12674,20000,0.3883,0.26345
euclidean,954,True,7078,20000,0.21715,0.1907
euclidean,955,True,11920,20000,0.3606,0.2747
euclidean,956,True,7765,20000,0.21475,0.20485
euclidean,957,True,14006,20000,0.2256,0.35475
euclidean,958,True,11302,20000,0.304,0.17145
euclidean,959,True,9128,20000,0.24925,0.0981
euclidean,960,True,8416,20000,0.24855,0.1578
euclidean,961,True,10946,20000,0.31735,0.25525
euclidean,962,True,13937,20000,0.22585,0.40395
euclidean,963,True,8659,20000,0.2636,0.26645
euclidean,964,True,8661,20000,0.1612,0.16985
euclidean,965,True,8873,20000,0.16185,0.283
euclidean,966,True,12213,20000,0.28735,0.3626
euclidean,967,True,9615,20000,0.2399,0.30665
euclidean,968,True,9996,20000,0.2452,0.3042
euclidean,969,True,13760,20000,0.422,0.22685
euclidean,970,True,7114,20000,0.1353,0.1801
euclidean,971,True,12203,20000,0.35385,0.2544
euclidean,972,True,7051,20000,0.21575,0.1873
euclidean,973,True,9235,20000,0.2464,0.26985
euclidean,974,True,10600,20000,0.33665,0.255
euclidean,975,True,7515,20000,0.206,0.22885
euclidean,976,True,11701,20000,0.18365,0.3549
euclidean,977,True,7964,20000,0.22725,0.15525
euclidean,978,True,8027,20000,0.2451,0.13445
euclidean,979,True,9495,20000,0.14905,0.30595
euclidean,980,True,13023,20000,0.37875,0.3214
euclidean,981,True,14775,20000,0.20835,0.46275
euclidean,982,True,10932,20000,0.3366,0.2044
euclidean,983,True,10813,20000,0.27215,0.3398
euclidean,984,True,9659,20000,0.19965,0.2917
euclidean,985,True,10371,20000,0.2604,0.28905
euclidean,986,True,9725,20000,0.2714,0.1545
euclidean,987,True,11025,20000,0.27265,0.3358
euclidean,988,True,10060,20000,0.29475,0.27145
euclidean,989,True,12148,20000,0.17365,0.3913
euclidean,990,True,6555,20000,0.15655,0.20425
euclidean,991,True,6866,20000,0.23075,0.16485
euclidean,992,True,10642,20000,0.18945,0.2534
euclidean,993,True,10430,20000,0.2168,0.30445
euclidean,994,True,11406,20000,0.35295,0.22145
euclidean,995,True,9347,20000,0.24485,0.28615
euclidean,996,True,7301,20000,0.12815,0.18525
euclidean,997,True,13762,20000,0.2919,0.1328
euclidean,998,True,10806,20000,0.3222,0.22275
euclidean,999,True,10272,20000,0.2518,0.15935
stereographic,0,True,2399,20000,0.2403,0.2331
stereographic,1,True,2236,20000,0.23555,0.24035
stereographic,2,True,2787,20000,0.23585,0.22795
stereographic,3,True,2531,20000,0.2404,0.23515
stereographic,4,True,2512,20000,0.2399,0.2332
stereographic,5,True,2407,20000,0.2406,0.23425
stereographic,6,True,2398,20000,0.2412,0.23445
stereographic,7,True,2349,20000,0.23565,0.2327
stereographic,8,True,2779,20000,0.23705,0.23635
stereographic,9,True,2943,20000,0.23645,0.237
stereographic,10,True,1749,20000,0.24015,0.23985
stereographic,11,True,2035,20000,0.23425,0.23245
stereographic,12,True,2254,20000,0.23395,0.2319
stereographic,13,True,2584,20000,0.24245,0.2373
stereographic,14,True,2067,20000,0.22945,0.2293
stereographic,15,True,2652,20000,0.2328,0.23895
stereographic,16,True,1959,20000,0.2365,0.23785
stereographic,17,True,2232,20000,0.237,0.2386
stereographic,18,True,1996,20000,0.232,0.23185
stereographic,19,True,1875,20000,0.2341,0.23355
stereographic,20,True,2524,20000,0.23715,0.23545
stereographic,21,True,2482,20000,0.23715,0.23305
stereographic,22,True,2076,20000,0.2288,0.23105
stereographic,23,True,2149,20000,0.2274,0.22945
stereographic,24,True,1614,20000,0.239,0.23485
stereographic,25,True,2559,20000,0.22795,0.23
stereographic,26,True,1195,20000,0.24155,0.24405
stereographic,27,True,2092,20000,0.24045,0.2402
stereographic,28,True,1640,20000,0.23615,0.23875
stereographic,29,True,1889,20000,0.236,0.2365
stereographic,30,True,1540,20000,0.23835,0.23495
stereographic,31,True,2866,20000,0.23735,0.23665
stereographic,32,True,2548,20000,0.24605,0.24425
stereographic,33,True,2519,20000,0.23285,0.2362
stereographic,34,True,2579,20000,0.2441,0.2317
stereographic,35,True,2717,20000,0.2375,0.232
stereographic,36,True,2303,20000,0.23245,0.2278
stereographic,37,True,3141,20000,0.2405,0.24055
stereographic,38,True,1846,20000,0.2384,0.2375
stereographic,39,True,2984,20000,0.2209,0.23475
stereographic,40,True,1689,20000,0.24335,0.24575
stereographic,41,True,2273,20000,0.2323,0.2339
stereographic,42,True,1344,20000,0.23845,0.2391
stereographic,43,True,2571,20000,0.23295,0.232
stereographic,44,True,2156,20000,0.23815,0.23415
stereographic,45,True,2429,20000,0.2319,0.2347
stereographic,46,True,1874,20000,0.23125,0.23505
stereographic,47,True,2548,20000,0.2342,0.238
stereographic,48,True,2294,20000,0.2323,0.23555
stereographic,49,True,2359,20000,0.23725,0.23905
stereographic,50,True,2498,20000,0.241,0.23335
stereographic,51,True,2089,20000,0.2372,0.2382
stereographic,52,True,1806,20000,0.2406,0.24125
stereographic,53,True,2874,20000,0.23485,0.2367
stereographic,54,True,2020,20000,0.2356,0.23305
stereographic,55,True,1409,20000,0.23545,0.23125
stereographic,56,True,3178,20000,0.23505,0.2271
stereographic,57,True,2780,20000,0.23615,0.2332
stereographic,58,True,2002,20000,0.23695,0.2373
stereographic,59,True,2851,20000,0.23565,0.2313
stereographic,60,True,1974,20000,0.24245,0.2426
stereographic,61,True,1570,20000,0.23225,0.2348
stereographic,62,True,2197,20000,0.23735,0.23655
stereographic,63,True,2388,20000,0.2335,0.2357
stereographic,64,True,3503,20000,0.2327,0.23865
stereographic,65,True,2564,20000,0.24195,0.24095
stereographic,66,True,1808,20000,0.2388,0.24175
stereographic,67,True,2142,20000,0.2394,0.2398
stereographic,68,True,1276,20000,0.236,0.2359
stereographic,69,True,2286,20000,0.23575,0.2353
stereographic,70,True,2209,20000,0.23385,0.23225
stereographic,71,True,1984,20000,0.2394,0.23985
stereographic,72,True,2861,20000,0.23355,0.235
stereographic,73,True,2695,20000,0.23795,0.23865
stereographic,74,True,2333,20000,0.2396,0.23635
stereographic,75,True,2365,20000,0.2391,0.23495
stereographic,76,True,3190,20000,0.23175,0.23285
stereographic,77,True,2637,20000,0.23525,0.243
stereographic,78,True,1846,20000,0.2311,0.2341
stereographic,79,True,2582,20000,0.2338,0.22955
stereographic,80,True,2274,20000,0.23415,0.2314
stereographic,81,True,2713,20000,0.2336,0.23795
stereographic,82,True,2281,20000,0.24145,0.24105
stereographic,83,True,2475,20000,0.23715,0.23715
stereographic,84,True,2219,20000,0.23645,0.24075
stereographic,85,True,1623,20000,0.24335,0.2437
stereographic,86,True,1513,20000,0.2378,0.2361
stereographic,87,True,1960,20000,0.2402,0.23905
stereographic,88,True,2310,20000,0.2403,0.2446
stereographic,89,True,2377,20000,0.24375,0.24625
stereographic,90,True,2821,20000,0.2296,0.24025
stereographic,91,True,2185,20000,0.23505,0.23675
stereographic,92,True,2278,20000,0.2369,0.2357
stereographic,93,True,2510,20000,0.2356,0.2363
stereographic,94,True,2112,20000,0.2331,0.23665
stereographic,95,True,1288,20000,0.23445,0.23715
stereographic,96,True,2595,20000,0.2323,0.2381
stereographic,97,True,1922,20000,0.23575,0.23635
stereographic,98,True,372,20000,0.23575,0.2372
stereographic,99,True,1872,20000,0.2392,0.24
stereographic,100,True,2342,20000,0.22815,0.2308
stereographic,101,True,2217,20000,0.2332,0.2294
stereographic,102,True,2401,20000,0.24055,0.24405
stereographic,103,True,1522,20000,0.23165,0.23055
stereographic,104,True,2070,20000,0.24045,0.2376
stereographic,105,True,2290,20000,0.22845,0.2342
stereographic,106,True,2830,20000,0.23015,0.239
stereographic,107,True,2785,20000,0.224,0.2333
stereographic,108,True,2428,20000,0.23375,0.22965
stereographic,109,True,2549,20000,0.23025,0.23215
stereographic,110,True,2404,20000,0.23955,0.2443
stereographic,111,True,1908,20000,0.23845,0.2364
stereographic,112,True,1949,20000,0.2425,0.2386
stereographic,113,True,1927,20000,0.2371,0.23495
stereographic,114,True,2697,20000,0.23825,0.2385
stereographic,115,True,2474,20000,0.2311,0.23445
stereographic,116,True,1474,20000,0.2359,0.23265
stereographic,117,True,2417,20000,0.2301,0.22965
stereographic,118,True,1987,20000,0.23565,0.24015
stereographic,119,True,2176,20000,0.23405,0.2387
stereographic,120,True,1933,20000,0.2332,0.23085
stereographic,121,True,1933,20000,0.23535,0.2364
stereographic,122,True,2420,20000,0.23125,0.2357
stereographic,123,True,2048,20000,0.233,0.23225
stereographic,124,True,2255,20000,0.2297,0.23825
stereographic,125,True,3155,20000,0.2452,0.24215
stereographic,126,True,3020,20000,0.2216,0.22505
stereographic,127,True,1605,20000,0.24295,0.2415
stereographic,128,True,2267,20000,0.23045,0.2341
stereographic,129,True,2674,20000,0.2464,0.2438
stereographic,130,True,2021,20000,0.2314,0.23205
stereographic,131,True,2968,20000,0.2343,0.2348
stereographic,132,True,1957,20000,0.2346,0.23565
stereographic,133,True,2949,20000,0.24155,0.23755
stereographic,134,True,1848,20000,0.2364,0.23835
stereographic,135,True,3349,20000,0.2391,0.2355
stereographic,136,True,1928,20000,0.2309,0.23145
stereographic,137,True,2079,20000,0.2378,0.2371
stereographic,138,True,2182,20000,0.2266,0.22485
stereographic,139,True,1609,20000,0.23265,0.23345
stereographic,140,True,2322,20000,0.23025,0.2237
stereographic,141,True,1909,20000,0.2445,0.24075
stereographic,142,True,2076,20000,0.2336,0.2354
stereographic,143,True,3207,20000,0.23325,0.23
stereographic,144,True,2424,20000,0.2359,0.2346
stereographic,145,True,2662,20000,0.2377,0.22905
stereographic,146,True,2348,20000,0.2344,0.2313
stereographic,147,True,2032,20000,0.2455,0.2404
stereographic,148,True,2296,20000,0.23295,0.2333
stereographic,149,True,3048,20000,0.22895,0.226
stereographic,150,True,1994,20000,0.24155,0.2409
stereographic,151,True,2081,20000,0.23075,0.23465
stereographic,152,True,2089,20000,0.23535,0.231
stereographic,153,True,2246,20000,0.23895,0.2402
stereographic,154,True,2979,20000,0.2409,0.2318
stereographic,155,True,2526,20000,0.23355,0.23545
stereographic,156,True,2718,20000,0.2287,0.2355
stereographic,157,True,2041,20000,0.2382,0.23225
stereographic,158,True,2661,20000,0.22885,0.2288
stereographic,159,True,1532,20000,0.24155,0.23995
stereographic,160,True,2215,20000,0.24545,0.2441
stereographic,161,True,2384,20000,0.2404,0.2406
stereographic,162,True,2226,20000,0.2337,0.23215
stereographic,163,True,1864,20000,0.23965,0.2353
stereographic,164,True,2175,20000,0.23095,0.23525
stereographic,165,True,2314,20000,0.2339,0.23655
stereographic,166,True,2222,20000,0.23485,0.23575
stereographic,167,True,2142,20000,0.2406,0.23665
stereographic,168,True,2108,20000,0.2348,0.2262
stereographic,169,True,2243,20000,0.23735,0.24075
stereographic,170,True,2122,20000,0.24,0.2402
stereographic,171,True,1112,20000,0.2313,0.2334
stereographic,172,True,2552,20000,0.23805,0.23195
stereographic,173,True,2257,20000,0.22835,0.2309
stereographic,174,True,758,20000,0.2336,0.23365
stereographic,175,True,2832,20000,0.2377,0.2411
stereographic,176,True,2588,20000,0.2349,0.2357
stereographic,177,True,2526,20000,0.23705,0.2307
stereographic,178,True,2039,20000,0.2427,0.23905
stereographic,179,True,2954,20000,0.2313,0.23665
stereographic,180,True,2075,20000,0.2351,0.2369
stereographic,181,True,3027,20000,0.2406,0.2304
stereographic,182,True,2299,20000,0.23795,0.2343
stereographic,183,True,1740,20000,0.232,0.2294
stereographic,184,True,2661,20000,0.2314,0.2339
stereographic,185,True,2285,20000,0.23575,0.2319
stereographic,186,True,2262,20000,0.238,0.23255
stereographic,187,True,2902,20000,0.2333,0.22745
stereographic,188,True,2290,20000,0.23835,0.23455
stereographic,189,True,1853,20000,0.23925,0.2395
stereographic,190,True,2512,20000,0.2385,0.246
stereographic,191,True,1464,20000,0.24385,0.24265
stereographic,192,True,2770,20000,0.2345,0.2347
stereographic,193,True,2382,20000,0.23805,0.23645
stereographic,194,True,2224,20000,0.2355,0.2321
stereographic,195,True,2324,20000,0.2378,0.23415
stereographic,196,True,1205,20000,0.23935,0.2399
stereographic,197,True,2194,20000,0.23165,0.2279
stereographic,198,True,2234,20000,0.23645,0.238
stereographic,199,True,2656,20000,0.2355,0.2362
stereographic,200,True,2174,20000,0.23795,0.2387
stereographic,201,True,3063,20000,0.23515,0.23795
stereographic,202,True,3102,20000,0.2306,0.23575
stereographic,203,True,2170,20000,0.2364,0.2355
stereographic,204,True,2474,20000,0.2364,0.2394
stereographic,205,True,1595,20000,0.2378,0.2391
stereographic,206,True,1809,20000,0.24,0.23745
stereographic,207,True,2056,20000,0.22915,0.2336
stereographic,208,True,2688,20000,0.2415,0.2292
stereographic,209,True,2077,20000,0.2423,0.2389
stereographic,210,True,2100,20000,0.23955,0.235
stereographic,211,True,2508,20000,0.22945,0.2378
stereographic,212,True,2459,20000,0.22915,0.2254
stereographic,213,True,2236,20000,0.23295,0.23685
stereographic,214,True,1765,20000,0.2382,0.23525
stereographic,215,True,2120,20000,0.2386,0.23885
stereographic,216,True,3067,20000,0.2339,0.22465
stereographic,217,True,2560,20000,0.24255,0.243
stereographic,218,True,2671,20000,0.23675,0.24065
stereographic,219,True,2112,20000,0.23575,0.23855
stereographic,220,True,2319,20000,0.2387,0.23225
stereographic,221,True,3333,20000,0.24445,0.24565
stereographic,222,True,2060,20000,0.2366,0.23485
stereographic,223,True,2055,20000,0.22895,0.23675
stereographic,224,True,1659,20000,0.24445,0.2445
stereographic,225,True,1931,20000,0.2401,0.2397
stereographic,226,True,2638,20000,0.23365,0.234
stereographic,227,True,2287,20000,0.2374,0.24435
stereographic,228,True,2353,20000,0.23975,0.2418
stereographic,229,True,2067,20000,0.2381,0.2355
stereographic,230,True,2473,20000,0.23715,0.23935
stereographic,231,True,1992,20000,0.23785,0.2348
stereographic,232,True,2548,20000,0.2227,0.2277
stereographic,233,True,2033,20000,0.24505,0.24425
stereographic,234,True,2032,20000,0.24075,0.23915
stereographic,235,True,2466,20000,0.2378,0.2326
stereographic,236,True,1943,20000,0.23825,0.23535
stereographic,237,True,1976,20000,0.23065,0.2347
stereographic,238,True,2075,20000,0.23405,0.2359
stereographic,239,True,2203,20000,0.23995,0.23885
stereographic,240,True,3192,20000,0.24035,0.2361
stereographic,241,True,2241,20000,0.24005,0.2427
stereographic,242,True,2517,20000,0.23245,0.22935
stereographic,243,True,1705,20000,0.23745,0.23735
stereographic,244,True,3677,20000,0.2424,0.2399
stereographic,245,True,3098,20000,0.2342,0.23915
stereographic,246,True,2506,20000,0.2413,0.2369
stereographic,247,True,2357,20000,0.23745,0.23915
stereographic,248,True,2185,20000,0.23715,0.2318
stereographic,249,True,2619,20000,0.23805,0.2373
stereographic,250,True,2602,20000,0.2368,0.23725
stereographic,251,True,2056,20000,0.2366,0.23595
stereographic,252,True,2101,20000,0.22965,0.2362
stereographic,253,True,2427,20000,0.23595,0.24405
stereographic,254,True,2086,20000,0.2418,0.24225
stereographic,255,True,1853,20000,0.2272,0.2279
stereographic,256,True,2191,20000,0.23705,0.2364
stereographic,257,True,1868,20000,0.236,0.2375
stereographic,258,True,2215,20000,0.2388,0.2357
stereographic,259,True,2712,20000,0.2315,0.2313
stereographic,260,True,1943,20000,0.2345,0.2353
stereographic,261,True,2801,20000,0.23385,0.229
stereographic,262,True,2588,20000,0.2368,0.2314
stereographic,263,True,2330,20000,0.23625,0.24305
stereographic,264,True,2127,20000,0.2399,0.235
stereographic,265,True,2547,20000,0.2351,0.2366
stereographic,266,True,2999,20000,0.22725,0.22345
stereographic,267,True,2511,20000,0.2376,0.23775
stereographic,268,True,2449,20000,0.23825,0.23395
stereographic,269,True,2108,20000,0.2316,0.2331
stereographic,270,True,2440,20000,0.2299,0.23625
stereographic,271,True,2716,20000,0.2357,0.22755
stereographic,272,True,2554,20000,0.22885,0.22485
stereographic,273,True,2405,20000,0.2396,0.23715
stereographic,274,True,3094,20000,0.2297,0.239
stereographic,275,True,2259,20000,0.23755,0.2395
stereographic,276,True,2122,20000,0.23315,0.2398
stereographic,277,True,1447,20000,0.2286,0.22925
stereographic,278,True,1821,20000,0.24015,0.2397
stereographic,279,True,2190,20000,0.2401,0.23635
stereographic,280,True,2550,20000,0.23795,0.23495
stereographic,281,True,2263,20000,0.23735,0.2354
stereographic,282,True,2636,20000,0.229,0.23125
stereographic,283,True,780,20000,0.2337,0.23355
stereographic,284,True,2486,20000,0.23085,0.23515
stereographic,285,True,1585,20000,0.23855,0.23945
stereographic,286,True,1569,20000,0.2387,0.2395
stereographic,287,True,2382,20000,0.24315,0.23975
stereographic,288,True,2369,20000,0.24,0.24025
stereographic,289,True,2213,20000,0.23545,0.23365
stereographic,290,True,1637,20000,0.23895,0.241
stereographic,291,True,2206,20000,0.23445,0.23475
stereographic,292,True,3218,20000,0.2365,0.23335
stereographic,293,True,2451,20000,0.23725,0.23075
stereographic,294,True,2217,20000,0.2345,0.23705
stereographic,295,True,2734,20000,0.23885,0.2271
stereographic,296,True,2515,20000,0.2322,0.22985
stereographic,297,True,2371,20000,0.22855,0.23305
stereographic,298,True,2113,20000,0.24045,0.24335
stereographic,299,True,2351,20000,0.23715,0.23655
stereographic,300,True,2672,20000,0.23565,0.23745
stereographic,301,True,2241,20000,0.24,0.23895
stereographic,302,True,2330,20000,0.2388,0.2347
stereographic,303,True,2707,20000,0.2315,0.22355
stereographic,304,True,2602,20000,0.2345,0.2385
stereographic,305,True,2175,20000,0.23885,0.23585
stereographic,306,True,2507,20000,0.23015,0.2278
stereographic,307,True,2347,20000,0.24275,0.2427
stereographic,308,True,2353,20000,0.23385,0.2319
stereographic,309,True,3200,20000,0.22425,0.24355
stereographic,310,True,2464,20000,0.23505,0.2394
stereographic,311,True,2473,20000,0.2409,0.2427
stereographic,312,True,2434,20000,0.2352,0.2367
stereographic,313,True,2150,20000,0.24035,0.23445
stereographic,314,True,2027,20000,0.24485,0.24215
stereographic,315,True,2220,20000,0.24425,0.2444
stereographic,316,True,2653,20000,0.23645,0.2375
stereographic,317,True,2133,20000,0.23615,0.2388
stereographic,318,True,2389,20000,0.24105,0.2404
stereographic,319,True,1463,20000,0.23665,0.237
stereographic,320,True,2446,20000,0.23465,0.2359
stereographic,321,True,2373,20000,0.23485,0.23025
stereographic,322,True,1889,20000,0.2426,0.24195
stereographic,323,True,2104,20000,0.2369,0.23875
stereographic,324,True,2363,20000,0.23575,0.2357
stereographic,325,True,2027,20000,0.23395,0.2358
stereographic,326,True,2389,20000,0.24395,0.24205
stereographic,327,True,1889,20000,0.2359,0.23785
stereographic,328,True,2184,20000,0.2426,0.23475
stereographic,329,True,2635,20000,0.23945,0.23975
stereographic,330,True,2265,20000,0.24,0.2406
stereographic,331,True,1467,20000,0.22725,0.2295
stereographic,332,True,2442,20000,0.23485,0.2342
stereographic,333,True,2741,20000,0.24155,0.2409
stereographic,334,True,1983,20000,0.2445,0.24395
stereographic,335,True,2116,20000,0.23685,0.2359
stereographic,336,True,1192,20000,0.22905,0.23215
stereographic,337,True,2796,20000,0.22105,0.2294
stereographic,338,True,2162,20000,0.23625,0.2381
stereographic,339,True,2840,20000,0.23145,0.2277
stereographic,340,True,2275,20000,0.2392,0.2364
stereographic,341,True,3320,20000,0.2335,0.23845
stereographic,342,True,2536,20000,0.2229,0.2265
stereographic,343,True,1810,20000,0.23665,0.23725
stereographic,344,True,1650,20000,0.23405,0.2342
stereographic,345,True,1955,20000,0.23975,0.23265
stereographic,346,True,2401,20000,0.23585,0.2346
stereographic,347,True,2235,20000,0.24065,0.23735
stereographic,348,True,1822,20000,0.2339,0.23395
stereographic,349,True,2583,20000,0.2335,0.2339
stereographic,350,True,2220,20000,0.2363,0.23935
stereographic,351,True,2598,20000,0.2373,0.24155
stereographic,352,True,2438,20000,0.2378,0.23925
stereographic,353,True,2102,20000,0.24245,0.2426
stereographic,354,True,2400,20000,0.23625,0.23515
stereographic,355,True,2593,20000,0.2278,0.22855
stereographic,356,True,2232,20000,0.23925,0.242
stereographic,357,True,2559,20000,0.23535,0.2388
stereographic,358,True,1193,20000,0.2377,0.2405
stereographic,359,True,2574,20000,0.23715,0.23595
stereographic,360,True,2410,20000,0.2362,0.2362
stereographic,361,True,2000,20000,0.2339,0.23105
stereographic,362,True,2812,20000,0.22705,0.22985
stereographic,363,True,2314,20000,0.23505,0.2342
stereographic,364,True,1967,20000,0.24135,0.23615
stereographic,365,True,2130,20000,0.23595,0.2323
stereographic,366,True,2185,20000,0.2319,0.23315
stereographic,367,True,2726,20000,0.23525,0.22325
stereographic,368,True,2527,20000,0.24095,0.23965
stereographic,369,True,2143,20000,0.24745,0.2428
stereographic,370,True,2480,20000,0.2365,0.23865
stereographic,371,True,2426,20000,0.2287,0.23485
stereographic,372,True,2451,20000,0.24275,0.23615
stereographic,373,True,2573,20000,0.2396,0.2337
stereographic,374,True,2227,20000,0.23105,0.2371
stereographic,375,True,2376,20000,0.23175,0.23625
stereographic,376,True,2588,20000,0.23665,0.2391
stereographic,377,True,2650,20000,0.2359,0.23785
stereographic,378,True,2494,20000,0.2339,0.2316
stereographic,379,True,1670,20000,0.2359,0.2348
stereographic,380,True,2099,20000,0.24125,0.2359
stereographic,381,True,2170,20000,0.234,0.23565
stereographic,382,True,2047,20000,0.23855,0.2384
stereographic,383,True,2226,20000,0.2321,0.23255
stereographic,384,True,2861,20000,0.2322,0.22935
stereographic,385,True,1954,20000,0.23755,0.238
stereographic,386,True,1913,20000,0.2399,0.2356
stereographic,387,True,2361,20000,0.23715,0.2292
stereographic,388,True,1004,20000,0.2267,0.2289
stereographic,389,True,1960,20000,0.2333,0.23755
stereographic,390,True,2450,20000,0.2393,0.2367
stereographic,391,True,2429,20000,0.2365,0.23385
stereographic,392,True,1019,20000,0.2367,0.2363
stereographic,393,True,2277,20000,0.24115,0.2368
stereographic,394,True,1868,20000,0.2338,0.2374
stereographic,395,True,2285,20000,0.24635,0.24185
stereographic,396,True,2255,20000,0.23085,0.2359
stereographic,397,True,2069,20000,0.22885,0.22565
stereographic,398,True,3117,20000,0.238,0.23685
stereographic,399,True,2652,20000,0.23675,0.2355
stereographic,400,True,2289,20000,0.2383,0.2339
stereographic,401,True,3811,20000,0.2338,0.22575
stereographic,402,True,2034,20000,0.232,0.23485
stereographic,403,True,1978,20000,0.24795,0.2453
stereographic,404,True,1868,20000,0.2399,0.23675
stereographic,405,True,2757,20000,0.23785,0.23875
stereographic,406,True,2023,20000,0.23825,0.24055
stereographic,407,True,2434,20000,0.2421,0.2409
stereographic,408,True,2605,20000,0.23255,0.2414
stereographic,409,True,2384,20000,0.23385,0.23805
stereographic,410,True,2221,20000,0.2312,0.2343
stereographic,411,True,2197,20000,0.2409,0.23825
stereographic,412,True,2073,20000,0.2372,0.24105
stereographic,413,True,1782,20000,0.24195,0.24175
stereographic,414,True,2601,20000,0.23295,0.23585
stereographic,415,True,3053,20000,0.23575,0.2269
stereographic,416,True,2521,20000,0.2372,0.23985
stereographic,417,True,2283,20000,0.24,0.2348
stereographic,418,True,1877,20000,0.23955,0.2385
stereographic,419,True,2427,20000,0.24025,0.238
stereographic,420,True,2099,20000,0.23225,0.23215
stereographic,421,True,2441,20000,0.23535,0.2357
stereographic,422,True,2455,20000,0.2346,0.23395
stereographic,423,True,2285,20000,0.23195,0.2312
stereographic,424,True,2306,20000,0.23745,0.23645
stereographic,425,True,2181,20000,0.23705,0.2313
stereographic,426,True,3162,20000,0.23615,0.22555
stereographic,427,True,2286,20000,0.2373,0.23515
stereographic,428,True,2238,20000,0.24175,0.24255
stereographic,429,True,2292,20000,0.23895,0.2316
stereographic,430,True,2162,20000,0.2363,0.2381
stereographic,431,True,2354,20000,0.24395,0.2382
stereographic,432,True,2221,20000,0.2343,0.2372
stereographic,433,True,2383,20000,0.2355,0.2387
stereographic,434,True,2042,20000,0.24035,0.2364
stereographic,435,True,2490,20000,0.2398,0.23645
stereographic,436,True,1716,20000,0.2334,0.23265
stereographic,437,True,1089,20000,0.24275,0.24205
stereographic,438,True,1309,20000,0.2352,0.2319
stereographic,439,True,2256,20000,0.23615,0.23535
stereographic,440,True,2437,20000,0.23195,0.2326
stereographic,441,True,2232,20000,0.23685,0.23945
stereographic,442,True,2514,20000,0.2402,0.23785
stereographic,443,True,1942,20000,0.2355,0.2336
stereographic,444,True,2175,20000,0.23855,0.24345
stereographic,445,True,1965,20000,0.235,0.23675
stereographic,446,True,2352,20000,0.23355,0.23725
stereographic,447,True,2088,20000,0.23335,0.2319
stereographic,448,True,2579,20000,0.2362,0.2363
stereographic,449,True,2701,20000,0.23945,0.2339
stereographic,450,True,2068,20000,0.23635,0.23965
stereographic,451,True,2806,20000,0.22495,0.22195
stereographic,452,True,2001,20000,0.23875,0.2363
stereographic,453,True,2592,20000,0.23705,0.23645
stereographic,454,True,1723,20000,0.22955,0.2295
stereographic,455,True,2242,20000,0.2289,0.23245
stereographic,456,True,2336,20000,0.2336,0.23055
stereographic,457,True,2497,20000,0.2404,0.2437
stereographic,458,True,2057,20000,0.23375,0.23615
stereographic,459,True,2438,20000,0.22915,0.23115
stereographic,460,True,2081,20000,0.22885,0.2274
stereographic,461,True,2065,20000,0.2378,0.2325
stereographic,462,True,2365,20000,0.2321,0.22715
stereographic,463,True,1551,20000,0.2411,0.23955
stereographic,464,True,2284,20000,0.2436,0.24145
stereographic,465,True,2430,20000,0.24265,0.2315
stereographic,466,True,1475,20000,0.2388,0.2374
stereographic,467,True,2252,20000,0.2316,0.2385
stereographic,468,True,2725,20000,0.24355,0.2365
stereographic,469,True,2171,20000,0.23675,0.23865
stereographic,470,True,2562,20000,0.23735,0.2429
stereographic,471,True,1927,20000,0.2365,0.23275
stereographic,472,True,2616,20000,0.2368,0.2312
stereographic,473,True,2202,20000,0.23185,0.235
stereographic,474,True,2616,20000,0.2361,0.23705
stereographic,475,True,2801,20000,0.22585,0.2337
stereographic,476,True,2532,20000,0.23795,0.2362
stereographic,477,True,2433,20000,0.232,0.23695
stereographic,478,True,2132,20000,0.2418,0.24225
stereographic,479,True,3353,20000,0.24785,0.2378
stereographic,480,True,2129,20000,0.2347,0.2343
stereographic,481,True,2106,20000,0.2388,0.23945
stereographic,482,True,1931,20000,0.2319,0.23155
stereographic,483,True,2224,20000,0.2415,0.23975
stereographic,484,True,2380,20000,0.2407,0.24005
stereographic,485,True,2961,20000,0.2235,0.2268
stereographic,486,True,2193,20000,0.2404,0.23705
stereographic,487,True,1732,20000,0.23485,0.23725
stereographic,488,True,2962,20000,0.23385,0.2429
stereographic,489,True,2540,20000,0.23325,0.2274
stereographic,490,True,2403,20000,0.23675,0.2312
stereographic,491,True,3191,20000,0.22765,0.23575
stereographic,492,True,2736,20000,0.23955,0.23455
stereographic,493,True,1794,20000,0.23335,0.23385
stereographic,494,True,2088,20000,0.2313,0.2332
stereographic,495,True,2020,20000,0.2405,0.23775
stereographic,496,True,2305,20000,0.23735,0.24215
stereographic,497,True,2693,20000,0.2334,0.23905
stereographic,498,True,1761,20000,0.2322,0.23225
stereographic,499,True,2121,20000,0.2294,0.23455
stereographic,500,True,1648,20000,0.2376,0.23645
stereographic,501,True,2788,20000,0.24175,0.2434
stereographic,502,True,1490,20000,0.2364,0.2351
stereographic,503,True,2681,20000,0.23125,0.22965
stereographic,504,True,2848,20000,0.23315,0.23465
stereographic,505,True,2151,20000,0.24025,0.2393
stereographic,506,True,2278,20000,0.227,0.23255
stereographic,507,True,1806,20000,0.2365,0.2376
stereographic,508,True,2747,20000,0.2396,0.2356
stereographic,509,True,2194,20000,0.2336,0.2343
stereographic,510,True,2550,20000,0.2357,0.2317
stereographic,511,True,2144,20000,0.23605,0.23325
stereographic,512,True,2589,20000,0.2366,0.23695
stereographic,513,True,1863,20000,0.2337,0.238
stereographic,514,True,2288,20000,0.2387,0.24245
stereographic,515,True,2700,20000,0.23305,0.23625
stereographic,516,True,2280,20000,0.23635,0.2359
stereographic,517,True,2118,20000,0.2328,0.2338
stereographic,518,True,2538,20000,0.24725,0.2444
stereographic,519,True,2902,20000,0.2324,0.22575
stereographic,520,True,1362,20000,0.23995,0.2405
stereographic,521,True,2196,20000,0.23455,0.23595
stereographic,522,True,2172,20000,0.23795,0.2398
stereographic,523,True,2646,20000,0.23475,0.23555
stereographic,524,True,2373,20000,0.24395,0.2344
stereographic,525,True,2571,20000,0.2347,0.23675
stereographic,526,True,2059,20000,0.2315,0.2324
stereographic,527,True,2008,20000,0.23705,0.23895
stereographic,528,True,2183,20000,0.2307,0.23435
stereographic,529,True,2725,20000,0.2335,0.236
stereographic,530,True,2311,20000,0.2343,0.2367
stereographic,531,True,1909,20000,0.23735,0.2319
stereographic,532,True,2643,20000,0.22995,0.22655
stereographic,533,True,2309,20000,0.23105,0.23345
stereographic,534,True,2523,20000,0.23505,0.2279
stereographic,535,True,1712,20000,0.23505,0.23575
stereographic,536,True,1854,20000,0.2449,0.2412
stereographic,537,True,2634,20000,0.23225,0.2263
stereographic,538,True,2956,20000,0.2426,0.2342
stereographic,539,True,2315,20000,0.2313,0.23875
stereographic,540,True,2217,20000,0.23085,0.23945
stereographic,541,True,2874,20000,0.2339,0.23415
stereographic,542,True,2000,20000,0.23245,0.22785
stereographic,543,True,2087,20000,0.2386,0.23545
stereographic,544,True,2768,20000,0.2382,0.24075
stereographic,545,True,2118,20000,0.2279,0.2303
stereographic,546,True,1999,20000,0.2376,0.23875
stereographic,547,True,2077,20000,0.23355,0.22985
stereographic,548,True,1499,20000,0.2341,0.2355
stereographic,549,True,2391,20000,0.237,0.23485
stereographic,550,True,2884,20000,0.22935,0.2274
stereographic,551,True,2081,20000,0.24005,0.2403
stereographic,552,True,3396,20000,0.24065,0.2276
stereographic,553,True,2101,20000,0.23485,0.2379
stereographic,554,True,2633,20000,0.24105,0.24005
stereographic,555,True,2104,20000,0.23455,0.236
stereographic,556,True,2145,20000,0.23905,0.24115
stereographic,557,True,1980,20000,0.23095,0.2241
stereographic,558,True,2313,20000,0.23215,0.23355
stereographic,559,True,2521,20000,0.23385,0.23515
stereographic,560,True,2396,20000,0.23555,0.2368
stereographic,561,True,2304,20000,0.2374,0.23535
stereographic,562,True,1492,20000,0.24155,0.24615
stereographic,563,True,1713,20000,0.2392,0.2422
stereographic,564,True,2121,20000,0.23755,0.2375
stereographic,565,True,3099,20000,0.23485,0.23705
stereographic,566,True,2267,20000,0.23525,0.2363
stereographic,567,True,2338,20000,0.23965,0.2371
stereographic,568,True,2299,20000,0.23895,0.24235
stereographic,569,True,2101,20000,0.23975,0.2367
stereographic,570,True,2676,20000,0.2355,0.23235
stereographic,571,True,2385,20000,0.2383,0.236
stereographic,572,True,1953,20000,0.23925,0.24185
stereographic,573,True,2483,20000,0.2333,0.2333
stereographic,574,True,2480,20000,0.2327,0.2283
stereographic,575,True,2392,20000,0.2338,0.23005
stereographic,576,True,2070,20000,0.23735,0.2363
stereographic,577,True,1741,20000,0.239,0.2414
stereographic,578,True,2532,20000,0.23425,0.2295
stereographic,579,True,2220,20000,0.23535,0.23295
stereographic,580,True,2589,20000,0.23925,0.24085
stereographic,581,True,2100,20000,0.2391,0.24125
stereographic,582,True,2222,20000,0.2366,0.2305
stereographic,583,True,1891,20000,0.23105,0.2314
stereographic,584,True,2090,20000,0.24315,0.23975
stereographic,585,True,2247,20000,0.23555,0.23725
stereographic,586,True,2031,20000,0.2359,0.2343
stereographic,587,True,2114,20000,0.23685,0.2388
stereographic,588,True,2259,20000,0.2335,0.2322
stereographic,589,True,2759,20000,0.22915,0.23295
stereographic,590,True,2756,20000,0.22825,0.22115
stereographic,591,True,2596,20000,0.235,0.2432
stereographic,592,True,2317,20000,0.23535,0.23485
stereographic,593,True,2481,20000,0.24145,0.2387
stereographic,594,True,1630,20000,0.23205,0.23085
stereographic,595,True,2027,20000,0.23885,0.24055
stereographic,596,True,2478,20000,0.2403,0.2373
stereographic,597,True,2072,20000,0.2447,0.234
stereographic,598,True,1968,20000,0.234,0.23585
stereographic,599,True,3236,20000,0.2295,0.23165
stereographic,600,True,3334,20000,0.23465,0.2363
stereographic,601,True,1280,20000,0.227,0.22645
stereographic,602,True,1854,20000,0.23325,0.231
stereographic,603,True,2556,20000,0.2378,0.2392
stereographic,604,True,1836,20000,0.23275,0.23125
stereographic,605,True,2272,20000,0.235,0.23595
stereographic,606,True,1938,20000,0.23465,0.23675
stereographic,607,True,2085,20000,0.2329,0.235
stereographic,608,True,1382,20000,0.2371,0.2358
stereographic,609,True,1837,20000,0.23135,0.232
stereographic,610,True,3497,20000,0.22865,0.2325
stereographic,611,True,2837,20000,0.23285,0.22745
stereographic,612,True,2256,20000,0.2351,0.2343
stereographic,613,True,2389,20000,0.23265,0.23285
stereographic,614,True,2109,20000,0.233,0.23235
stereographic,615,True,3241,20000,0.2413,0.2376
stereographic,616,True,2390,20000,0.24175,0.24245
stereographic,617,True,1877,20000,0.2383,0.24
stereographic,618,True,2259,20000,0.2377,0.2401
stereographic,619,True,2567,20000,0.22755,0.2221
stereographic,620,True,2585,20000,0.22995,0.2262
stereographic,621,True,2581,20000,0.2335,0.23
stereographic,622,True,2664,20000,0.23315,0.22325
stereographic,623,True,2496,20000,0.2355,0.23985
stereographic,624,True,2687,20000,0.2375,0.2384
stereographic,625,True,2858,20000,0.233,0.23315
stereographic,626,True,1919,20000,0.23775,0.234
stereographic,627,True,2005,20000,0.2404,0.23705
stereographic,628,True,2621,20000,0.23295,0.2336
stereographic,629,True,2384,20000,0.23625,0.24025
stereographic,630,True,2381,20000,0.2321,0.23315
stereographic,631,True,2152,20000,0.2427,0.2409
stereographic,632,True,2108,20000,0.2393,0.2447
stereographic,633,True,3065,20000,0.2342,0.22515
stereographic,634,True,2144,20000,0.24065,0.24135
stereographic,635,True,2253,20000,0.238,0.23545
stereographic,636,True,1920,20000,0.243,0.2386
stereographic,637,True,2385,20000,0.2343,0.23955
stereographic,638,True,2226,20000,0.2336,0.2302
stereographic,639,True,2502,20000,0.23475,0.2354
stereographic,640,True,2385,20000,0.2282,0.24005
stereographic,641,True,563,20000,0.23185,0.2332
stereographic,642,True,2273,20000,0.23395,0.2329
stereographic,643,True,2586,20000,0.22535,0.23045
stereographic,644,True,2174,20000,0.2315,0.2354
stereographic,645,True,2572,20000,0.24225,0.2396
stereographic,646,True,2320,20000,0.2259,0.23315
stereographic,647,True,1489,20000,0.2319,0.2325
stereographic,648,True,2289,20000,0.23325,0.23585
stereographic,649,True,2593,20000,0.23455,0.2381
stereographic,650,True,3014,20000,0.2384,0.23775
stereographic,651,True,2617,20000,0.2368,0.23795
stereographic,652,True,2674,20000,0.2324,0.23375
stereographic,653,True,2323,20000,0.2332,0.2323
stereographic,654,True,3275,20000,0.24105,0.23935
stereographic,655,True,2517,20000,0.23575,0.2345
stereographic,656,True,2038,20000,0.2344,0.23885
stereographic,657,True,3146,20000,0.23155,0.2294
stereographic,658,True,2689,20000,0.2338,0.24315
stereographic,659,True,1666,20000,0.23575,0.2358
stereographic,660,True,2784,20000,0.2317,0.2306
stereographic,661,True,1896,20000,0.24345,0.23805
stereographic,662,True,3118,20000,0.235,0.23205
stereographic,663,True,2520,20000,0.23915,0.2339
stereographic,664,True,1877,20000,0.23635,0.23595
stereographic,665,True,2167,20000,0.23595,0.2379
stereographic,666,True,2157,20000,0.2363,0.2334
stereographic,667,True,2231,20000,0.2344,0.234
stereographic,668,True,2325,20000,0.2341,0.2339
stereographic,669,True,2643,20000,0.23995,0.23465
stereographic,670,True,2152,20000,0.24225,0.236
stereographic,671,True,1736,20000,0.24095,0.23715
stereographic,672,True,2459,20000,0.23275,0.2333
stereographic,673,True,2509,20000,0.23035,0.2244
stereographic,674,True,1843,20000,0.2311,0.2324
stereographic,675,True,2347,20000,0.2347,0.232
stereographic,676,True,1352,20000,0.2324,0.23255
stereographic,677,True,2460,20000,0.2407,0.2385
stereographic,678,True,2476,20000,0.2316,0.2346
stereographic,679,True,2470,20000,0.2316,0.2324
stereographic,680,True,1565,20000,0.23635,0.2335
stereographic,681,True,2284,20000,0.23275,0.23145
stereographic,682,True,2131,20000,0.2464,0.2476
stereographic,683,True,2558,20000,0.22485,0.2318
stereographic,684,True,1838,20000,0.23685,0.2363
stereographic,685,True,2951,20000,0.23565,0.23725
stereographic,686,True,2875,20000,0.213,0.22905
stereographic,687,True,2279,20000,0.23655,0.2346
stereographic,688,True,2135,20000,0.2303,0.2289
stereographic,689,True,2257,20000,0.2404,0.2377
stereographic,690,True,2898,20000,0.234,0.24135
stereographic,691,True,2477,20000,0.2353,0.2415
stereographic,692,True,2910,20000,0.2222,0.2308
stereographic,693,True,2346,20000,0.23615,0.2343
stereographic,694,True,1822,20000,0.2344,0.23395
stereographic,695,True,2632,20000,0.23155,0.23405
stereographic,696,True,2581,20000,0.23895,0.24145
stereographic,697,True,2368,20000,0.2332,0.23475
stereographic,698,True,2516,20000,0.23305,0.23035
stereographic,699,True,2247,20000,0.2353,0.2335
stereographic,700,True,2720,20000,0.23415,0.23215
stereographic,701,True,2274,20000,0.2398,0.23695
stereographic,702,True,2072,20000,0.23375,0.23535
stereographic,703,True,2195,20000,0.2365,0.24025
stereographic,704,True,2308,20000,0.23685,0.2322
stereographic,705,True,3336,20000,0.23625,0.2266
stereographic,706,True,3090,20000,0.23515,0.23075
stereographic,707,True,2180,20000,0.23565,0.23495
stereographic,708,True,1650,20000,0.225,0.23015
stereographic,709,True,2466,20000,0.22725,0.23325
stereographic,710,True,2314,20000,0.2329,0.23505
stereographic,711,True,1356,20000,0.2333,0.23475
stereographic,712,True,1796,20000,0.23415,0.23545
stereographic,713,True,1910,20000,0.23835,0.2378
stereographic,714,True,2635,20000,0.2361,0.23205
stereographic,715,True,1772,20000,0.234,0.2337
stereographic,716,True,2133,20000,0.2413,0.2413
stereographic,717,True,3366,20000,0.23735,0.2417
stereographic,718,True,2636,20000,0.24045,0.2352
stereographic,719,True,2109,20000,0.23055,0.2299
stereographic,720,True,1937,20000,0.2369,0.2386
stereographic,721,True,2796,20000,0.22705,0.22655
stereographic,722,True,2086,20000,0.23715,0.2359
stereographic,723,True,1757,20000,0.23985,0.2402
stereographic,724,True,1813,20000,0.2377,0.23555
stereographic,725,True,2147,20000,0.23755,0.2404
stereographic,726,True,2015,20000,0.2346,0.23585
stereographic,727,True,4077,20000,0.23585,0.2329
stereographic,728,True,2116,20000,0.23775,0.23715
stereographic,729,True,2163,20000,0.24055,0.2407
stereographic,730,True,2475,20000,0.2313,0.23245
stereographic,731,True,1913,20000,0.23795,0.23955
stereographic,732,True,2445,20000,0.23765,0.23875
stereographic,733,True,3527,20000,0.2334,0.2341
stereographic,734,True,2319,20000,0.2271,0.2353
stereographic,735,True,1285,20000,0.243,0.2421
stereographic,736,True,3089,20000,0.2373,0.2345
stereographic,737,True,2653,20000,0.24055,0.2398
stereographic,738,True,2641,20000,0.23425,0.23205
stereographic,739,True,2625,20000,0.2334,0.23805
stereographic,740,True,2602,20000,0.2392,0.2375
stereographic,741,True,2858,20000,0.23455,0.2376
stereographic,742,True,2162,20000,0.2374,0.23595
stereographic,743,True,2331,20000,0.24175,0.2414
stereographic,744,True,2009,20000,0.23675,0.2323
stereographic,745,True,1291,20000,0.2293,0.2276
stereographic,746,True,2210,20000,0.23415,0.23945
stereographic,747,True,2710,20000,0.23295,0.2293
stereographic,748,True,2493,20000,0.2399,0.2394
stereographic,749,True,2259,20000,0.2278,0.23235
stereographic,750,True,3056,20000,0.23425,0.23665
stereographic,751,True,1578,20000,0.23935,0.23685
stereographic,752,True,2624,20000,0.241,0.23505
stereographic,753,True,2256,20000,0.2377,0.24105
stereographic,754,True,2021,20000,0.2331,0.2379
stereographic,755,True,2758,20000,0.22545,0.23255
stereographic,756,True,2924,20000,0.22945,0.2321
stereographic,757,True,1934,20000,0.235,0.23605
stereographic,758,True,2082,20000,0.23035,0.23365
stereographic,759,True,2835,20000,0.2383,0.236
stereographic,760,True,2104,20000,0.2356,0.2351
stereographic,761,True,2354,20000,0.2378,0.2353
stereographic,762,True,1184,20000,0.23735,0.23925
stereographic,763,True,519,20000,0.2362,0.2356
stereographic,764,True,1941,20000,0.23965,0.2407
stereographic,765,True,2075,20000,0.24325,0.2391
stereographic,766,True,2928,20000,0.2366,0.2337
stereographic,767,True,2403,20000,0.23505,0.2311
stereographic,768,True,2701,20000,0.23335,0.23525
stereographic,769,True,3040,20000,0.2363,0.23445
stereographic,770,True,2056,20000,0.23685,0.2363
stereographic,771,True,1837,20000,0.23955,0.23205
stereographic,772,True,2845,20000,0.23125,0.2383
stereographic,773,True,2233,20000,0.2353,0.2419
stereographic,774,True,3070,20000,0.2338,0.2313
stereographic,775,True,2003,20000,0.24115,0.239
stereographic,776,True,2400,20000,0.24065,0.23805
stereographic,777,True,2917,20000,0.23795,0.2365
stereographic,778,True,1697,20000,0.2364,0.2348
stereographic,779,True,2220,20000,0.2314,0.23715
stereographic,780,True,2264,20000,0.2406,0.23945
stereographic,781,True,1939,20000,0.2373,0.2374
stereographic,782,True,1983,20000,0.238,0.2341
stereographic,783,True,2738,20000,0.23355,0.23815
stereographic,784,True,2545,20000,0.232,0.23035
stereographic,785,True,2497,20000,0.23235,0.2305
stereographic,786,True,2285,20000,0.2327,0.2384
stereographic,787,True,2669,20000,0.23365,0.23165
stereographic,788,True,2896,20000,0.2299,0.23625
stereographic,789,True,2094,20000,0.23635,0.23865
stereographic,790,True,2681,20000,0.24155,0.2389
stereographic,791,True,2452,20000,0.22585,0.233
stereographic,792,True,2783,20000,0.233,0.23815
stereographic,793,True,1753,20000,0.2346,0.2346
stereographic,794,True,2612,20000,0.24195,0.23525
stereographic,795,True,2157,20000,0.23835,0.2372
stereographic,796,True,1969,20000,0.23695,0.239
stereographic,797,True,2224,20000,0.23915,0.2388
stereographic,798,True,1924,20000,0.2342,0.2349
stereographic,799,True,2892,20000,0.2369,0.23915
stereographic,800,True,1979,20000,0.24375,0.2425
stereographic,801,True,2052,20000,0.2336,0.2338
stereographic,802,True,2351,20000,0.23195,0.2327
stereographic,803,True,2222,20000,0.23345,0.2393
stereographic,804,True,2551,20000,0.24455,0.2425
stereographic,805,True,2291,20000,0.2331,0.2392
stereographic,806,True,1529,20000,0.2382,0.2367
stereographic,807,True,2614,20000,0.24085,0.236
stereographic,808,True,2064,20000,0.24165,0.23855
stereographic,809,True,1772,20000,0.24235,0.2429
stereographic,810,True,2694,20000,0.2383,0.2332
stereographic,811,True,2692,20000,0.2356,0.22635
stereographic,812,True,1914,20000,0.23895,0.2334
stereographic,813,True,2574,20000,0.24325,0.2395
stereographic,814,True,2331,20000,0.22595,0.2291
stereographic,815,True,2213,20000,0.2326,0.2342
stereographic,816,True,2141,20000,0.23565,0.23805
stereographic,817,True,2640,20000,0.2319,0.23445
stereographic,818,True,3123,20000,0.22535,0.24025
stereographic,819,True,2487,20000,0.23385,0.23645
stereographic,820,True,2182,20000,0.236,0.2335
stereographic,821,True,2268,20000,0.2306,0.2238
stereographic,822,True,2660,20000,0.2292,0.23445
stereographic,823,True,954,20000,0.22815,0.22705
stereographic,824,True,2037,20000,0.2396,0.23985
stereographic,825,True,2624,20000,0.23735,0.23225
stereographic,826,True,2368,20000,0.2308,0.24005
stereographic,827,True,2296,20000,0.24275,0.2406
stereographic,828,True,2561,20000,0.232,0.23305
stereographic,829,True,2900,20000,0.23165,0.22375
stereographic,830,True,2429,20000,0.23045,0.2363
stereographic,831,True,3029,20000,0.2379,0.2313
stereographic,832,True,2100,20000,0.2401,0.23935
stereographic,833,True,1829,20000,0.2411,0.24015
stereographic,834,True,2316,20000,0.2335,0.23505
stereographic,835,True,2762,20000,0.23195,0.2401
stereographic,836,True,2567,20000,0.2364,0.2374
stereographic,837,True,2210,20000,0.2366,0.23715
stereographic,838,True,2015,20000,0.2355,0.23435
stereographic,839,True,2189,20000,0.23425,0.2409
stereographic,840,True,2475,20000,0.23195,0.2284
stereographic,841,True,1789,20000,0.24025,0.24235
stereographic,842,True,1598,20000,0.2396,0.2393
stereographic,843,True,2448,20000,0.2396,0.2411
stereographic,844,True,1598,20000,0.2373,0.23585
stereographic,845,True,2201,20000,0.2289,0.23275
stereographic,846,True,3231,20000,0.23505,0.23045
stereographic,847,True,2301,20000,0.2417,0.23855
stereographic,848,True,2539,20000,0.2394,0.23785
stereographic,849,True,1856,20000,0.2468,0.24145
stereographic,850,True,1012,20000,0.23485,0.2369
stereographic,851,True,1888,20000,0.24465,0.2439
stereographic,852,True,2816,20000,0.23695,0.2336
stereographic,853,True,2164,20000,0.233,0.23685
stereographic,854,True,2084,20000,0.2356,0.2363
stereographic,855,True,2407,20000,0.22945,0.2303
stereographic,856,True,2568,20000,0.2401,0.23805
stereographic,857,True,2493,20000,0.2366,0.23475
stereographic,858,True,3581,20000,0.23025,0.233
stereographic,859,True,2166,20000,0.22615,0.2326
stereographic,860,True,2453,20000,0.23125,0.2337
stereographic,861,True,2399,20000,0.2326,0.22935
stereographic,862,True,2478,20000,0.2323,0.23275
stereographic,863,True,1876,20000,0.2325,0.23265
stereographic,864,True,2146,20000,0.23765,0.23435
stereographic,865,True,2416,20000,0.2382,0.23575
stereographic,866,True,2536,20000,0.23505,0.23355
stereographic,867,True,2534,20000,0.23565,0.23595
stereographic,868,True,2338,20000,0.235,0.236
stereographic,869,True,2301,20000,0.23555,0.2387
stereographic,870,True,2238,20000,0.2352,0.23675
stereographic,871,True,2138,20000,0.23445,0.2347
stereographic,872,True,2146,20000,0.2365,0.24005
stereographic,873,True,2394,20000,0.2325,0.23905
stereographic,874,True,1837,20000,0.23,0.23165
stereographic,875,True,2260,20000,0.23575,0.22855
stereographic,876,True,1851,20000,0.2377,0.23215
stereographic,877,True,2484,20000,0.2431,0.24535
stereographic,878,True,1705,20000,0.2349,0.23435
stereographic,879,True,3263,20000,0.2434,0.24175
stereographic,880,True,2762,20000,0.23065,0.237
stereographic,881,True,2201,20000,0.2381,0.2377
stereographic,882,True,2527,20000,0.2343,0.2323
stereographic,883,True,1946,20000,0.23665,0.23795
stereographic,884,True,2246,20000,0.2378,0.232
stereographic,885,True,2862,20000,0.24045,0.23645
stereographic,886,True,1840,20000,0.2335,0.23655
stereographic,887,True,2669,20000,0.23455,0.2375
stereographic,888,True,2684,20000,0.2475,0.24815
stereographic,889,True,2419,20000,0.22775,0.2342
stereographic,890,True,2317,20000,0.23745,0.237
stereographic,891,True,1255,20000,0.233,0.2336
stereographic,892,True,2322,20000,0.2389,0.23595
stereographic,893,True,1997,20000,0.2305,0.2345
stereographic,894,True,2316,20000,0.23355,0.2376
stereographic,895,True,2153,20000,0.23435,0.2386
stereographic,896,True,2964,20000,0.2313,0.23655
stereographic,897,True,2770,20000,0.232,0.2357
stereographic,898,True,2682,20000,0.2356,0.2302
stereographic,899,True,1611,20000,0.2348,0.2349
stereographic,900,True,2260,20000,0.2447,0.24205
stereographic,901,True,1994,20000,0.2309,0.23225
stereographic,902,True,2629,20000,0.23505,0.2427
stereographic,903,True,2693,20000,0.2344,0.23825
stereographic,904,True,2205,20000,0.2267,0.23315
stereographic,905,True,2607,20000,0.2353,0.2356
stereographic,906,True,1931,20000,0.23555,0.232
stereographic,907,True,2343,20000,0.2379,0.23185
stereographic,908,True,1994,20000,0.22585,0.2245
stereographic,909,True,1731,20000,0.23405,0.23515
stereographic,910,True,2056,20000,0.22585,0.23065
stereographic,911,True,2115,20000,0.2333,0.23865
stereographic,912,True,2151,20000,0.23975,0.239
stereographic,913,True,2679,20000,0.23555,0.2402
stereographic,914,True,2376,20000,0.22965,0.23375
stereographic,915,True,2220,20000,0.23445,0.2357
stereographic,916,True,2376,20000,0.233,0.24105
stereographic,917,True,2003,20000,0.2385,0.237
stereographic,918,True,3256,20000,0.23935,0.2413
stereographic,919,True,1806,20000,0.2368,0.23905
stereographic,920,True,2582,20000,0.23485,0.23055
stereographic,921,True,1162,20000,0.22685,0.22765
stereographic,922,True,3216,20000,0.2365,0.2282
stereographic,923,True,2500,20000,0.2411,0.237
stereographic,924,True,2208,20000,0.2362,0.23595
stereographic,925,True,2325,20000,0.2284,0.23225
stereographic,926,True,3206,20000,0.2366,0.23665
stereographic,927,True,2187,20000,0.2371,0.2426
stereographic,928,True,2536,20000,0.24005,0.23895
stereographic,929,True,2996,20000,0.234,0.2282
stereographic,930,True,2828,20000,0.2222,0.2314
stereographic,931,True,3048,20000,0.23355,0.23635
stereographic,932,True,1895,20000,0.2334,0.2325
stereographic,933,True,2224,20000,0.2321,0.23005
stereographic,934,True,2620,20000,0.23575,0.2344
stereographic,935,True,1602,20000,0.2335,0.23435
stereographic,936,True,2187,20000,0.24025,0.23945
stereographic,937,True,2748,20000,0.23005,0.2302
stereographic,938,True,2327,20000,0.23155,0.2383
stereographic,939,True,1760,20000,0.2359,0.23465
stereographic,940,True,1795,20000,0.23095,0.23305
stereographic,941,True,1146,20000,0.2373,0.23525
stereographic,942,True,2187,20000,0.2312,0.2337
stereographic,943,True,1983,20000,0.23885,0.2387
stereographic,944,True,2186,20000,0.2319,0.2323
stereographic,945,True,2932,20000,0.23965,0.23905
stereographic,946,True,2377,20000,0.2364,0.23855
stereographic,947,True,1942,20000,0.23975,0.23835
stereographic,948,True,2396,20000,0.2386,0.24025
stereographic,949,True,2198,20000,0.24005,0.2401
stereographic,950,True,1212,20000,0.24095,0.2417
stereographic,951,True,2417,20000,0.2386,0.2397
stereographic,952,True,1709,20000,0.2427,0.2435
stereographic,953,True,2319,20000,0.23405,0.23115
stereographic,954,True,1969,20000,0.2395,0.2432
stereographic,955,True,1467,20000,0.2357,0.23545
stereographic,956,True,1934,20000,0.23145,0.2321
stereographic,957,True,1886,20000,0.2357,0.23525
stereographic,958,True,1954,20000,0.23325,0.2298
stereographic,959,True,2355,20000,0.2409,0.24195
stereographic,960,True,2103,20000,0.23235,0.2364
stereographic,961,True,2463,20000,0.2373,0.23585
stereographic,962,True,2193,20000,0.22915,0.2305
stereographic,963,True,2079,20000,0.24375,0.24325
stereographic,964,True,2294,20000,0.2314,0.23805
stereographic,965,True,2589,20000,0.2384,0.2371
stereographic,966,True,2014,20000,0.2359,0.23455
stereographic,967,True,2785,20000,0.2405,0.2387
stereographic,968,True,3656,20000,0.2348,0.22325
stereographic,969,True,2318,20000,0.238,0.23655
stereographic,970,True,2451,20000,0.23125,0.23105
stereographic,971,True,3131,20000,0.23975,0.24255
stereographic,972,True,2356,20000,0.23385,0.23135
stereographic,973,True,2979,20000,0.2324,0.23675
stereographic,974,True,3081,20000,0.24645,0.2447
stereographic,975,True,1845,20000,0.2334,0.23375
stereographic,976,True,1557,20000,0.22565,0.2256
stereographic,977,True,1793,20000,0.23455,0.2319
stereographic,978,True,1915,20000,0.2381,0.23575
stereographic,979,True,2097,20000,0.24085,0.24185
stereographic,980,True,2860,20000,0.23225,0.2346
stereographic,981,True,2658,20000,0.2384,0.2402
stereographic,982,True,2371,20000,0.2336,0.23615
stereographic,983,True,1899,20000,0.2277,0.2271
stereographic,984,True,2392,20000,0.23745,0.23725
stereographic,985,True,2213,20000,0.23895,0.23765
stereographic,986,True,1674,20000,0.23955,0.23965
stereographic,987,True,2573,20000,0.2397,0.23275
stereographic,988,True,2482,20000,0.2306,0.22785
stereographic,989,True,2768,20000,0.23995,0.2335
stereographic,990,True,2243,20000,0.2329,0.23455
stereographic,991,True,2013,20000,0.23295,0.2342
stereographic,992,True,2791,20000,0.23085,0.22965
stereographic,993,True,2072,20000,0.23305,0.2362
stereographic,994,True,1754,20000,0.23825,0.23655
stereographic,995,True,2955,20000,0.234,0.2334
stereographic,996,True,1203,20000,0.2324,0.2321
stereographic,997,True,2335,20000,0.2285,0.22815
stereographic,998,True,1555,20000,0.23315,0.2346
stereographic,999,True,1868,20000,0.23985,0.23855
