meeting_time_sp,meeting_time_eu,sp_acc1,sp_acc2,eu_acc1,eu_acc2
2398,8523,0.2403,0.2331,0.19135,0.23385
2235,9346,0.23555,0.24035,0.2481,0.1841
2786,10571,0.23585,0.22795,0.1835,0.3235
2530,7263,0.2404,0.23515,0.1328,0.2067
2511,10745,0.2399,0.2332,0.27915,0.2092
2406,8323,0.2406,0.23425,0.17805,0.24475
2397,8786,0.2412,0.23445,0.25725,0.17615
2348,9887,0.23565,0.2327,0.25055,0.26535
2778,8052,0.23705,0.23635,0.25775,0.2116
2942,12575,0.23645,0.237,0.39235,0.2541
1748,11602,0.24015,0.23985,0.2521,0.1558
2034,9533,0.23425,0.23245,0.1443,0.22975
2253,6631,0.23395,0.2319,0.16695,0.1693
2583,9088,0.24245,0.2373,0.20135,0.2829
2066,9357,0.22945,0.2293,0.28725,0.2256
2651,12009,0.2328,0.23895,0.3533,0.2802
1958,9509,0.2365,0.23785,0.2143,0.2671
2231,12887,0.237,0.2386,0.3264,0.25195
1995,9026,0.232,0.23185,0.15175,0.26095
1874,9185,0.2341,0.23355,0.2634,0.10925
2523,11396,0.23715,0.23545,0.29795,0.2877
2481,11694,0.23715,0.23305,0.1497,0.33605
2075,11184,0.2288,0.23105,0.21835,0.34585
2148,10281,0.2274,0.22945,0.34695,0.2811
1613,7834,0.239,0.23485,0.23665,0.15225
2558,12478,0.22795,0.23,0.3402,0.15165
1194,8474,0.24155,0.24405,0.2684,0.23285
2091,8711,0.24045,0.2402,0.2707,0.1832
1639,7145,0.23615,0.23875,0.20045,0.13315
1888,8819,0.236,0.2365,0.27645,0.22985
1539,7816,0.23835,0.23495,0.21045,0.2231
2865,9554,0.23735,0.23665,0.3198,0.2436
2547,6079,0.24605,0.24425,0.1737,0.13535
2518,9539,0.23285,0.2362,0.30615,0.19925
2578,10095,0.2441,0.2317,0.1837,0.3162
2716,7278,0.2375,0.232,0.21925,0.19465
2302,9154,0.23245,0.2278,0.259,0.26055
3140,9937,0.2405,0.24055,0.28815,0.2579
1845,7938,0.2384,0.2375,0.2087,0.1823
2983,13152,0.2209,0.23475,0.3812,0.24165
1688,6824,0.24335,0.24575,0.22745,0.20375
2272,15803,0.2323,0.2339,0.49295,0.2861
1343,10073,0.23845,0.2391,0.2481,0.164
2570,10428,0.23295,0.232,0.23535,0.295
2155,10734,0.23815,0.23415,0.3465,0.25525
2428,8330,0.2319,0.2347,0.2005,0.2572
1873,9819,0.23125,0.23505,0.24375,0.1669
2547,6849,0.2342,0.238,0.17955,0.16475
2293,10622,0.2323,0.23555,0.34195,0.17355
2358,9469,0.23725,0.23905,0.28375,0.26045
2497,11092,0.241,0.23335,0.26095,0.30585
2088,10240,0.2372,0.2382,0.1658,0.32175
1805,7780,0.2406,0.24125,0.20015,0.16545
2873,16626,0.23485,0.2367,0.44665,0.17495
2019,10853,0.2356,0.23305,0.2435,0.30855
1408,8156,0.23545,0.23125,0.22205,0.2273
3177,13040,0.23505,0.2271,0.24765,0.3388
2779,11466,0.23615,0.2332,0.2245,0.32875
2001,9640,0.23695,0.2373,0.2153,0.31895
2850,7526,0.23565,0.2313,0.2258,0.21885
1973,7058,0.24245,0.2426,0.159,0.20005
1569,7929,0.23225,0.2348,0.1635,0.19605
2196,11688,0.23735,0.23655,0.20585,0.3688
2387,8336,0.2335,0.2357,0.21935,0.2458
3502,11655,0.2327,0.23865,0.2962,0.3049
2563,7057,0.24195,0.24095,0.13245,0.19475
1807,8863,0.2388,0.24175,0.2041,0.28325
2141,9427,0.2394,0.2398,0.22285,0.14405
1275,11321,0.236,0.2359,0.2872,0.3552
2285,12883,0.23575,0.2353,0.2494,0.3851
2208,9602,0.23385,0.23225,0.2392,0.1831
1983,7978,0.2394,0.23985,0.15395,0.2356
2860,12225,0.23355,0.235,0.36585,0.2443
2694,8030,0.23795,0.23865,0.1503,0.2113
2332,6898,0.2396,0.23635,0.2117,0.1954
2364,9524,0.2391,0.23495,0.2006,0.28835
3189,7309,0.23175,0.23285,0.17865,0.21415
2636,8986,0.23525,0.243,0.2208,0.27
1845,11547,0.2311,0.2341,0.3261,0.2104
2581,11876,0.2338,0.22955,0.18195,0.26775
2273,10741,0.23415,0.2314,0.2741,0.27525
2712,7011,0.2336,0.23795,0.19805,0.22205
2280,12019,0.24145,0.24105,0.3734,0.2043
2474,6146,0.23715,0.23715,0.1622,0.1979
2218,9290,0.23645,0.24075,0.2739,0.2306
1622,7726,0.24335,0.2437,0.2312,0.2202
1512,7958,0.2378,0.2361,0.2451,0.1544
1959,10335,0.2402,0.23905,0.2352,0.16285
2309,8761,0.2403,0.2446,0.2461,0.2678
2376,11716,0.24375,0.24625,0.1863,0.35765
2820,11507,0.2296,0.24025,0.3087,0.24745
2184,12880,0.23505,0.23675,0.4186,0.2648
2277,9914,0.2369,0.2357,0.2258,0.28725
2509,8896,0.2356,0.2363,0.2032,0.18485
2111,8494,0.2331,0.23665,0.23475,0.20575
1287,7295,0.23445,0.23715,0.20155,0.2074
2594,11067,0.2323,0.2381,0.21375,0.3074
1921,8852,0.23575,0.23635,0.2707,0.24345
371,8580,0.23575,0.2372,0.26975,0.15295
1871,4955,0.2392,0.24,0.15425,0.16395
2341,10718,0.22815,0.2308,0.30995,0.2872
2216,12011,0.2332,0.2294,0.35785,0.2221
2400,9963,0.24055,0.24405,0.16035,0.2814
1521,17786,0.23165,0.23055,0.53635,0.17185
2069,7783,0.24045,0.2376,0.17875,0.24925
2289,10075,0.22845,0.2342,0.3053,0.22405
2829,9885,0.23015,0.239,0.29945,0.26825
2784,11040,0.224,0.2333,0.31,0.3433
2427,5801,0.23375,0.22965,0.2217,0.21485
2548,10739,0.23025,0.23215,0.1914,0.28645
2403,10559,0.23955,0.2443,0.27995,0.2054
1907,7825,0.23845,0.2364,0.2378,0.2191
1948,9093,0.2425,0.2386,0.21325,0.30845
1926,6793,0.2371,0.23495,0.2048,0.22005
2696,9838,0.23825,0.2385,0.31645,0.3005
2473,12242,0.2311,0.23445,0.2649,0.3194
1473,7642,0.2359,0.23265,0.20975,0.2221
2416,11597,0.2301,0.22965,0.2435,0.3535
1986,9394,0.23565,0.24015,0.25275,0.28545
2175,9669,0.23405,0.2387,0.30205,0.2095
1932,11336,0.2332,0.23085,0.29605,0.2584
1932,9490,0.23535,0.2364,0.29715,0.27945
2419,8382,0.23125,0.2357,0.22275,0.25605
2047,10230,0.233,0.23225,0.33565,0.2129
2254,14585,0.2297,0.23825,0.35775,0.24555
3154,12341,0.2452,0.24215,0.23165,0.3696
3019,10782,0.2216,0.22505,0.30765,0.30865
1604,11559,0.24295,0.2415,0.2269,0.32195
2266,10548,0.23045,0.2341,0.30315,0.22045
2673,9603,0.2464,0.2438,0.28925,0.14925
2020,8484,0.2314,0.23205,0.14805,0.2684
2967,8982,0.2343,0.2348,0.15175,0.27545
1956,13523,0.2346,0.23565,0.16195,0.44265
2948,9083,0.24155,0.23755,0.2852,0.25115
1847,13083,0.2364,0.23835,0.24155,0.3469
3348,8113,0.2391,0.2355,0.1617,0.22315
1927,7307,0.2309,0.23145,0.1838,0.19095
2078,9181,0.2378,0.2371,0.2282,0.16705
2181,9416,0.2266,0.22485,0.25265,0.27725
1608,8172,0.23265,0.23345,0.25285,0.21825
2321,8418,0.23025,0.2237,0.23845,0.2543
1908,8627,0.2445,0.24075,0.2426,0.2291
2075,14979,0.2336,0.2354,0.4695,0.3452
3206,10041,0.23325,0.23,0.26225,0.31345
2423,8747,0.2359,0.2346,0.271,0.2347
2661,9505,0.2377,0.22905,0.1902,0.26045
2347,8319,0.2344,0.2313,0.2016,0.2483
2031,10933,0.2455,0.2404,0.2307,0.15195
2295,8020,0.23295,0.2333,0.24915,0.19495
3047,15271,0.22895,0.226,0.1546,0.4457
1993,10282,0.24155,0.2409,0.27715,0.34365
2080,9393,0.23075,0.23465,0.2804,0.19745
2088,9518,0.23535,0.231,0.2074,0.2935
2245,8723,0.23895,0.2402,0.2277,0.25075
2978,8472,0.2409,0.2318,0.1752,0.24855
2525,8028,0.23355,0.23545,0.25405,0.17725
2717,12050,0.2287,0.2355,0.29955,0.16315
2040,10615,0.2382,0.23225,0.16665,0.3446
2660,7719,0.22885,0.2288,0.2228,0.2165
1531,9240,0.24155,0.23995,0.27765,0.1686
2214,10531,0.24545,0.2441,0.16365,0.2681
2383,7087,0.2404,0.2406,0.15485,0.21735
2225,6456,0.2337,0.23215,0.199,0.20815
1863,8848,0.23965,0.2353,0.20135,0.1657
2174,9700,0.23095,0.23525,0.2721,0.30985
2313,12853,0.2339,0.23655,0.19425,0.41115
2221,8636,0.23485,0.23575,0.2314,0.2112
2141,7276,0.2406,0.23665,0.2156,0.1715
2107,9712,0.2348,0.2262,0.20065,0.2452
2242,5750,0.23735,0.24075,0.16555,0.1644
2121,14140,0.24,0.2402,0.16285,0.4548
1111,8609,0.2313,0.2334,0.26625,0.2435
2551,7133,0.23805,0.23195,0.1609,0.2019
2256,12392,0.22835,0.2309,0.39,0.25745
757,8217,0.2336,0.23365,0.2079,0.21265
2831,7728,0.2377,0.2411,0.1665,0.2213
2587,9117,0.2349,0.2357,0.30615,0.2543
2525,13386,0.23705,0.2307,0.17395,0.34495
2038,10963,0.2427,0.23905,0.3194,0.2253
2953,11662,0.2313,0.23665,0.308,0.36535
2074,8806,0.2351,0.2369,0.2468,0.1849
3026,9811,0.2406,0.2304,0.16625,0.29275
2298,8966,0.23795,0.2343,0.1472,0.2889
1739,6316,0.232,0.2294,0.12495,0.1919
2660,9602,0.2314,0.2339,0.2902,0.2512
2284,9933,0.23575,0.2319,0.22075,0.28795
2261,11808,0.238,0.23255,0.18495,0.32355
2901,9384,0.2333,0.22745,0.19765,0.267
2289,10407,0.23835,0.23455,0.3127,0.2219
1852,5585,0.23925,0.2395,0.16535,0.16075
2511,7994,0.2385,0.246,0.14825,0.22515
1463,7434,0.24385,0.24265,0.22965,0.21665
2769,11369,0.2345,0.2347,0.35885,0.1814
2381,9132,0.23805,0.23645,0.22955,0.2098
2223,7640,0.2355,0.2321,0.11735,0.23645
2323,8563,0.2378,0.23415,0.1932,0.25905
1204,10275,0.23935,0.2399,0.27305,0.2738
2193,10308,0.23165,0.2279,0.1912,0.3398
2233,7490,0.23645,0.238,0.23355,0.14775
2655,10292,0.2355,0.2362,0.32025,0.3192
2173,9112,0.23795,0.2387,0.17275,0.26475
3062,11283,0.23515,0.23795,0.19025,0.33285
3101,9985,0.2306,0.23575,0.242,0.32035
2169,9375,0.2364,0.2355,0.23665,0.20185
2473,7818,0.2364,0.2394,0.23715,0.1981
1594,9595,0.2378,0.2391,0.2438,0.14945
1808,10867,0.24,0.23745,0.23785,0.35405
2055,15043,0.22915,0.2336,0.42575,0.25165
2687,11763,0.2415,0.2292,0.23405,0.33765
2076,9558,0.2423,0.2389,0.29595,0.17765
2099,12121,0.23955,0.235,0.3783,0.2833
2507,7906,0.22945,0.2378,0.2332,0.2561
2458,10690,0.22915,0.2254,0.3326,0.2376
2235,11078,0.23295,0.23685,0.27355,0.23665
1764,8074,0.2382,0.23525,0.18785,0.2316
2119,9532,0.2386,0.23885,0.29495,0.26735
3066,9425,0.2339,0.22465,0.2798,0.26995
2559,7798,0.24255,0.243,0.23945,0.13205
2670,8844,0.23675,0.24065,0.25455,0.19775
2111,7890,0.23575,0.23855,0.20255,0.2422
2318,10211,0.2387,0.23225,0.21995,0.26825
3332,10006,0.24445,0.24565,0.2773,0.2925
2059,6970,0.2366,0.23485,0.22805,0.22455
2054,12033,0.22895,0.23675,0.37195,0.1624
1658,7381,0.24445,0.2445,0.13745,0.19935
1930,8032,0.2401,0.2397,0.24415,0.2554
2637,10330,0.23365,0.234,0.15935,0.3115
2286,13595,0.2374,0.24435,0.42325,0.2255
2352,10089,0.23975,0.2418,0.315,0.1658
2066,9766,0.2381,0.2355,0.2231,0.2891
2472,12667,0.23715,0.23935,0.30325,0.2186
1991,9876,0.23785,0.2348,0.27645,0.2497
2547,9084,0.2227,0.2277,0.24935,0.27155
2032,8673,0.24505,0.24425,0.17675,0.2761
2031,11101,0.24075,0.23915,0.2191,0.2968
2465,9464,0.2378,0.2326,0.2374,0.28775
1942,11766,0.23825,0.23535,0.38355,0.23605
1975,7857,0.23065,0.2347,0.22075,0.22845
2074,5302,0.23405,0.2359,0.1567,0.1548
2202,9285,0.23995,0.23885,0.2796,0.30205
3191,11609,0.24035,0.2361,0.32205,0.33355
2240,10294,0.24005,0.2427,0.2893,0.339
2516,9351,0.23245,0.22935,0.1684,0.30885
1704,10873,0.23745,0.23735,0.32045,0.2334
3676,9706,0.2424,0.2399,0.3036,0.2914
3097,9396,0.2342,0.23915,0.2803,0.2098
2505,10518,0.2413,0.2369,0.30865,0.2408
2356,10418,0.23745,0.23915,0.3215,0.205
2184,12228,0.23715,0.2318,0.38505,0.2144
2618,10854,0.23805,0.2373,0.3369,0.2012
2601,8101,0.2368,0.23725,0.27255,0.2356
2055,9809,0.2366,0.23595,0.29985,0.211
2100,9270,0.22965,0.2362,0.2547,0.2793
2426,13050,0.23595,0.24405,0.4031,0.26795
2085,8745,0.2418,0.24225,0.2343,0.13305
1852,12005,0.2272,0.2279,0.34175,0.23505
2190,8467,0.23705,0.2364,0.16155,0.28205
1867,12725,0.236,0.2375,0.2563,0.38095
2214,6925,0.2388,0.2357,0.1731,0.21145
2711,10153,0.2315,0.2313,0.3051,0.1741
1942,11791,0.2345,0.2353,0.3708,0.2723
2800,11191,0.23385,0.229,0.3036,0.3597
2587,9099,0.2368,0.2314,0.23005,0.24955
2329,9940,0.23625,0.24305,0.2725,0.1323
2126,9419,0.2399,0.235,0.22195,0.28175
2546,12288,0.2351,0.2366,0.2747,0.38485
2998,10481,0.22725,0.22345,0.20625,0.2684
2510,10253,0.2376,0.23775,0.22645,0.30265
2448,10439,0.23825,0.23395,0.3356,0.32235
2107,9419,0.2316,0.2331,0.2038,0.26175
2439,9214,0.2299,0.23625,0.2633,0.27235
2715,11679,0.2357,0.22755,0.21105,0.3602
2553,8516,0.22885,0.22485,0.28405,0.2738
2404,11232,0.2396,0.23715,0.3,0.1839
3093,11599,0.2297,0.239,0.3223,0.1905
2258,9829,0.23755,0.2395,0.19635,0.3052
2121,9121,0.23315,0.2398,0.27225,0.1586
1446,15308,0.2286,0.22925,0.43145,0.1907
1820,8558,0.24015,0.2397,0.15195,0.23735
2189,4561,0.2401,0.23635,0.13695,0.114
2549,11204,0.23795,0.23495,0.18945,0.31565
2262,11528,0.23735,0.2354,0.38325,0.23905
2635,7746,0.229,0.23125,0.21965,0.16925
779,8880,0.2337,0.23355,0.26135,0.23865
2485,8679,0.23085,0.23515,0.2675,0.18785
1584,9703,0.23855,0.23945,0.21905,0.28425
1568,14560,0.2387,0.2395,0.2809,0.42595
2381,9404,0.24315,0.23975,0.27965,0.15675
2368,8735,0.24,0.24025,0.2191,0.2653
2212,13003,0.23545,0.23365,0.34535,0.22355
1636,8082,0.23895,0.241,0.1666,0.23275
2205,10439,0.23445,0.23475,0.1612,0.32435
3217,14163,0.2365,0.23335,0.3197,0.4481
2450,9897,0.23725,0.23075,0.2161,0.26255
2216,11523,0.2345,0.23705,0.28205,0.3735
2733,12563,0.23885,0.2271,0.24645,0.37325
2514,10600,0.2322,0.22985,0.3551,0.2985
2370,10853,0.22855,0.23305,0.2936,0.2659
2112,8643,0.24045,0.24335,0.2683,0.1738
2350,7835,0.23715,0.23655,0.2239,0.20075
2671,9989,0.23565,0.23745,0.33275,0.13975
2240,8772,0.24,0.23895,0.1541,0.2305
2329,12062,0.2388,0.2347,0.2846,0.3162
2706,10423,0.2315,0.22355,0.24505,0.32155
2601,7208,0.2345,0.2385,0.19675,0.20665
2174,9855,0.23885,0.23585,0.19685,0.25695
2506,14750,0.23015,0.2278,0.23,0.32835
2346,16557,0.24275,0.2427,0.38455,0.17815
2352,8959,0.23385,0.2319,0.2579,0.28815
3199,11160,0.22425,0.24355,0.27005,0.20195
2463,10172,0.23505,0.2394,0.2467,0.29495
2472,9495,0.2409,0.2427,0.1567,0.28655
2433,11795,0.2352,0.2367,0.2891,0.204
2149,7335,0.24035,0.23445,0.18065,0.20425
2026,8098,0.24485,0.24215,0.23925,0.08375
2219,7599,0.24425,0.2444,0.21075,0.16445
2652,8909,0.23645,0.2375,0.2749,0.22195
2132,8053,0.23615,0.2388,0.2371,0.2167
2388,7062,0.24105,0.2404,0.1959,0.235
1462,9431,0.23665,0.237,0.2797,0.1766
2445,5997,0.23465,0.2359,0.19755,0.17595
2372,10481,0.23485,0.23025,0.27915,0.30165
1888,8359,0.2426,0.24195,0.2142,0.15445
2103,6942,0.2369,0.23875,0.19915,0.1929
2362,11356,0.23575,0.2357,0.3479,0.29485
2026,8315,0.23395,0.2358,0.2504,0.2502
2388,7405,0.24395,0.24205,0.218,0.15205
1888,7772,0.2359,0.23785,0.18295,0.15545
2183,10993,0.2426,0.23475,0.27315,0.3434
2634,9246,0.23945,0.23975,0.2126,0.2451
2264,10387,0.24,0.2406,0.2344,0.3266
1466,8448,0.22725,0.2295,0.2541,0.27155
2441,8997,0.23485,0.2342,0.1956,0.25005
2740,6888,0.24155,0.2409,0.20815,0.1351
1982,8292,0.2445,0.24395,0.2424,0.2252
2115,7870,0.23685,0.2359,0.25415,0.22505
1191,9622,0.22905,0.23215,0.1885,0.2857
2795,8460,0.22105,0.2294,0.23235,0.1112
2161,11067,0.23625,0.2381,0.33275,0.21025
2839,8903,0.23145,0.2277,0.24445,0.2728
2274,9559,0.2392,0.2364,0.3056,0.16515
3319,9236,0.2335,0.23845,0.2478,0.29875
2535,9444,0.2229,0.2265,0.28815,0.20645
1809,11930,0.23665,0.23725,0.3553,0.3468
1649,8516,0.23405,0.2342,0.19205,0.2321
1954,10849,0.23975,0.23265,0.1597,0.2928
2400,7530,0.23585,0.2346,0.2261,0.2256
2234,8131,0.24065,0.23735,0.12505,0.23955
1821,9459,0.2339,0.23395,0.15845,0.3093
2582,7487,0.2335,0.2339,0.2048,0.21195
2219,9460,0.2363,0.23935,0.29515,0.19745
2597,9762,0.2373,0.24155,0.2639,0.12815
2437,8736,0.2378,0.23925,0.16595,0.26225
2101,10980,0.24245,0.2426,0.1712,0.3321
2399,8756,0.23625,0.23515,0.20625,0.18145
2592,13015,0.2278,0.22855,0.43175,0.17825
2231,8407,0.23925,0.242,0.23945,0.24695
2558,9207,0.23535,0.2388,0.2022,0.26065
1192,9122,0.2377,0.2405,0.2585,0.21235
2573,8238,0.23715,0.23595,0.2355,0.14
2409,15118,0.2362,0.2362,0.3851,0.22995
1999,11167,0.2339,0.23105,0.26715,0.28785
2811,9880,0.22705,0.22985,0.26575,0.1934
2313,12364,0.23505,0.2342,0.2635,0.40215
1966,13299,0.24135,0.23615,0.1517,0.3132
2129,9238,0.23595,0.2323,0.2768,0.2642
2184,5222,0.2319,0.23315,0.1291,0.1547
2725,10889,0.23525,0.22325,0.11175,0.3351
2526,6103,0.24095,0.23965,0.174,0.2038
2142,9538,0.24745,0.2428,0.25255,0.29165
2479,10414,0.2365,0.23865,0.19815,0.1885
2425,10876,0.2287,0.23485,0.31875,0.1452
2450,7756,0.24275,0.23615,0.1779,0.16965
2572,9819,0.2396,0.2337,0.21015,0.23595
2226,9733,0.23105,0.2371,0.22005,0.1846
2375,9346,0.23175,0.23625,0.2572,0.2896
2587,13204,0.23665,0.2391,0.3756,0.3366
2649,10075,0.2359,0.23785,0.23865,0.30655
2493,7745,0.2339,0.2316,0.1374,0.2099
1669,8457,0.2359,0.2348,0.2575,0.26045
2098,9729,0.24125,0.2359,0.187,0.2344
2169,8514,0.234,0.23565,0.1645,0.2292
2046,9599,0.23855,0.2384,0.2677,0.32705
2225,12630,0.2321,0.23255,0.42825,0.2289
2860,16643,0.2322,0.22935,0.2576,0.4764
1953,7426,0.23755,0.238,0.23485,0.17625
1912,5594,0.2399,0.2356,0.1287,0.1692
2360,6095,0.23715,0.2292,0.18225,0.15715
1003,6946,0.2267,0.2289,0.2217,0.18895
1959,6871,0.2333,0.23755,0.1914,0.1541
2449,9596,0.2393,0.2367,0.2689,0.25285
2428,12405,0.2365,0.23385,0.3773,0.1645
1018,8290,0.2367,0.2363,0.2299,0.1598
2276,8121,0.24115,0.2368,0.1103,0.2233
1867,8705,0.2338,0.2374,0.20155,0.2639
2284,7586,0.24635,0.24185,0.25025,0.22745
2254,8844,0.23085,0.2359,0.2771,0.18775
2068,8056,0.22885,0.22565,0.17775,0.25055
3116,12457,0.238,0.23685,0.278,0.3573
2651,11419,0.23675,0.2355,0.3113,0.22995
2288,13293,0.2383,0.2339,0.24185,0.3969
3810,4746,0.2338,0.22575,0.10235,0.1351
2033,9649,0.232,0.23485,0.26055,0.26565
1977,10923,0.24795,0.2453,0.31105,0.2189
1867,10761,0.2399,0.23675,0.1821,0.3069
2756,9199,0.23785,0.23875,0.20615,0.17915
2022,8534,0.23825,0.24055,0.22355,0.26885
2433,5860,0.2421,0.2409,0.1696,0.17155
2604,13724,0.23255,0.2414,0.3578,0.19185
2383,13424,0.23385,0.23805,0.44495,0.17955
2220,7067,0.2312,0.2343,0.21545,0.2105
2196,9140,0.2409,0.23825,0.2651,0.2064
2072,7979,0.2372,0.24105,0.23375,0.2344
1781,5954,0.24195,0.24175,0.11975,0.1784
2600,12642,0.23295,0.23585,0.358,0.21895
3052,14109,0.23575,0.2269,0.4189,0.2565
2520,10573,0.2372,0.23985,0.2705,0.32655
2282,10510,0.24,0.2348,0.2863,0.26035
1876,9038,0.23955,0.2385,0.24375,0.2683
2426,10150,0.24025,0.238,0.1631,0.3216
2098,7825,0.23225,0.23215,0.198,0.206
2440,11154,0.23535,0.2357,0.34755,0.21455
2454,10095,0.2346,0.23395,0.19385,0.2064
2284,9849,0.23195,0.2312,0.27525,0.24095
2305,6321,0.23745,0.23645,0.12455,0.20465
2180,10454,0.23705,0.2313,0.30935,0.19275
3161,13711,0.23615,0.22555,0.22765,0.4176
2285,10253,0.2373,0.23515,0.2124,0.3257
2237,8854,0.24175,0.24255,0.2772,0.1644
2291,12315,0.23895,0.2316,0.1333,0.3645
2161,6988,0.2363,0.2381,0.20135,0.1683
2353,9217,0.24395,0.2382,0.23085,0.2536
2220,7266,0.2343,0.2372,0.22685,0.1235
2382,8979,0.2355,0.2387,0.20965,0.29115
2041,14179,0.24035,0.2364,0.20895,0.37555
2489,6989,0.2398,0.23645,0.19415,0.19605
1715,8533,0.2334,0.23265,0.22925,0.1651
1088,11513,0.24275,0.24205,0.36235,0.35455
1308,9824,0.2352,0.2319,0.23445,0.2474
2255,9223,0.23615,0.23535,0.2069,0.27355
2436,8556,0.23195,0.2326,0.26315,0.2266
2231,7322,0.23685,0.23945,0.2323,0.1708
2513,9437,0.2402,0.23785,0.24085,0.2878
1941,10878,0.2355,0.2336,0.2932,0.22575
2174,6700,0.23855,0.24345,0.2036,0.18535
1964,7946,0.235,0.23675,0.26015,0.2136
2351,6910,0.23355,0.23725,0.18085,0.1582
2087,7646,0.23335,0.2319,0.2038,0.1757
2578,7784,0.2362,0.2363,0.18975,0.1994
2700,10262,0.23945,0.2339,0.2407,0.34545
2067,8422,0.23635,0.23965,0.24395,0.18295
2805,10986,0.22495,0.22195,0.24415,0.3169
2000,5669,0.23875,0.2363,0.1487,0.15215
2591,8928,0.23705,0.23645,0.2567,0.2876
1722,8828,0.22955,0.2295,0.21245,0.2857
2241,11003,0.2289,0.23245,0.3409,0.2054
2335,11025,0.2336,0.23055,0.30955,0.3474
2496,9436,0.2404,0.2437,0.2954,0.2032
2056,10453,0.23375,0.23615,0.2057,0.29585
2437,9219,0.22915,0.23115,0.25045,0.232
2080,8352,0.22885,0.2274,0.1892,0.24965
2064,10458,0.2378,0.2325,0.2514,0.32765
2364,10584,0.2321,0.22715,0.29145,0.3144
1550,7707,0.2411,0.23955,0.16475,0.21065
2283,8907,0.2436,0.24145,0.28745,0.26425
2429,10576,0.24265,0.2315,0.20355,0.3265
1474,8071,0.2388,0.2374,0.22495,0.2424
2251,7588,0.2316,0.2385,0.2147,0.21225
2724,12332,0.24355,0.2365,0.3401,0.25925
2170,11370,0.23675,0.23865,0.11065,0.3013
2561,9957,0.23735,0.2429,0.2765,0.25265
1926,10555,0.2365,0.23275,0.23485,0.2809
2615,11441,0.2368,0.2312,0.3447,0.3284
2201,8515,0.23185,0.235,0.28365,0.12525
2615,9046,0.2361,0.23705,0.14435,0.25885
2800,10694,0.22585,0.2337,0.25,0.30295
2531,9083,0.23795,0.2362,0.28425,0.19035
2432,7421,0.232,0.23695,0.2203,0.1362
2131,7157,0.2418,0.24225,0.1675,0.2255
3352,10074,0.24785,0.2378,0.2095,0.301
2128,9524,0.2347,0.2343,0.2986,0.1465
2105,10323,0.2388,0.23945,0.3346,0.13885
1930,8956,0.2319,0.23155,0.214,0.27435
2223,10665,0.2415,0.23975,0.2502,0.32835
2379,8673,0.2407,0.24005,0.2151,0.26165
2960,11093,0.2235,0.2268,0.3428,0.2181
2192,9873,0.2404,0.23705,0.3059,0.29155
1731,10863,0.23485,0.23725,0.2901,0.31185
2961,9783,0.23385,0.2429,0.2853,0.27255
2539,8866,0.23325,0.2274,0.21695,0.25295
2402,8593,0.23675,0.2312,0.2532,0.27645
3190,8969,0.22765,0.23575,0.2659,0.242
2735,11794,0.23955,0.23455,0.2587,0.32555
1793,8330,0.23335,0.23385,0.21235,0.23765
2087,8123,0.2313,0.2332,0.2297,0.1722
2019,10246,0.2405,0.23775,0.21975,0.31285
2304,11529,0.23735,0.24215,0.1589,0.3333
2692,15159,0.2334,0.23905,0.50015,0.29905
1760,13523,0.2322,0.23225,0.40755,0.1634
2120,6551,0.2294,0.23455,0.11555,0.18115
1647,12958,0.2376,0.23645,0.3686,0.2097
2787,8397,0.24175,0.2434,0.23765,0.13725
1489,9519,0.2364,0.2351,0.2685,0.2273
2680,11777,0.23125,0.22965,0.1874,0.37165
2847,14246,0.23315,0.23465,0.4198,0.29405
2150,9546,0.24025,0.2393,0.2763,0.23425
2277,13960,0.227,0.23255,0.4138,0.2025
1805,6696,0.2365,0.2376,0.174,0.1935
2746,8255,0.2396,0.2356,0.2044,0.24065
2193,7306,0.2336,0.2343,0.19205,0.23435
2549,8949,0.2357,0.2317,0.24165,0.26215
2143,9564,0.23605,0.23325,0.15465,0.3308
2588,7622,0.2366,0.23695,0.2321,0.1998
1862,9432,0.2337,0.238,0.30385,0.1925
2287,8465,0.2387,0.24245,0.15305,0.2119
2699,6896,0.23305,0.23625,0.2063,0.2247
2279,8003,0.23635,0.2359,0.1843,0.23795
2117,9710,0.2328,0.2338,0.24785,0.2833
2537,7426,0.24725,0.2444,0.13735,0.2125
2901,8820,0.2324,0.22575,0.25625,0.2245
1361,10433,0.23995,0.2405,0.2941,0.28925
2195,10977,0.23455,0.23595,0.3001,0.335
2171,12839,0.23795,0.2398,0.38815,0.221
2645,17638,0.23475,0.23555,0.58025,0.23295
2372,8878,0.24395,0.2344,0.23005,0.231
2570,10538,0.2347,0.23675,0.27205,0.32595
2058,9136,0.2315,0.2324,0.2839,0.2776
2007,11537,0.23705,0.23895,0.3568,0.192
2182,6431,0.2307,0.23435,0.12685,0.20695
2724,10649,0.2335,0.236,0.28085,0.1819
2310,9483,0.2343,0.2367,0.2325,0.1268
1908,8483,0.23735,0.2319,0.13775,0.2248
2642,13822,0.22995,0.22655,0.1944,0.41395
2308,11466,0.23105,0.23345,0.32255,0.2046
2522,8276,0.23505,0.2279,0.1021,0.24445
1711,12313,0.23505,0.23575,0.3254,0.2094
1853,7775,0.2449,0.2412,0.1979,0.24705
2633,10320,0.23225,0.2263,0.1803,0.26255
2955,11096,0.2426,0.2342,0.2378,0.32335
2314,9965,0.2313,0.23875,0.28305,0.19645
2216,7854,0.23085,0.23945,0.14335,0.2307
2873,15558,0.2339,0.23415,0.17865,0.49475
1999,9501,0.23245,0.22785,0.19165,0.27665
2086,10401,0.2386,0.23545,0.27775,0.1288
2767,9633,0.2382,0.24075,0.2727,0.1712
2117,12353,0.2279,0.2303,0.21565,0.38725
1998,10680,0.2376,0.23875,0.35085,0.29835
2076,10963,0.23355,0.22985,0.2546,0.3014
1498,10942,0.2341,0.2355,0.1893,0.28615
2390,8260,0.237,0.23485,0.2468,0.19655
2883,6921,0.22935,0.2274,0.1843,0.16505
2080,9365,0.24005,0.2403,0.229,0.27715
3395,9457,0.24065,0.2276,0.20095,0.2499
2100,12050,0.23485,0.2379,0.3503,0.22185
2632,9184,0.24105,0.24005,0.2427,0.25825
2103,16937,0.23455,0.236,0.32915,0.51335
2144,8266,0.23905,0.24115,0.23515,0.2306
1979,13197,0.23095,0.2241,0.33,0.2247
2312,12174,0.23215,0.23355,0.3827,0.20385
2520,9270,0.23385,0.23515,0.1457,0.273
2395,6590,0.23555,0.2368,0.2111,0.17435
2303,13202,0.2374,0.23535,0.2404,0.4012
1491,8888,0.24155,0.24615,0.25755,0.15965
1712,7632,0.2392,0.2422,0.22045,0.20975
2120,9058,0.23755,0.2375,0.24905,0.287
3098,15816,0.23485,0.23705,0.32285,0.4941
2266,13138,0.23525,0.2363,0.41725,0.18555
2337,7362,0.23965,0.2371,0.2072,0.2218
2298,6737,0.23895,0.24235,0.2005,0.17815
2100,5844,0.23975,0.2367,0.2037,0.21295
2675,10069,0.2355,0.23235,0.30515,0.2402
2384,7887,0.2383,0.236,0.124,0.2259
1952,8840,0.23925,0.24185,0.2621,0.1658
2482,9791,0.2333,0.2333,0.1978,0.2952
2479,10340,0.2327,0.2283,0.15555,0.30625
2391,8386,0.2338,0.23005,0.19775,0.23005
2069,8679,0.23735,0.2363,0.2492,0.26615
1740,10010,0.239,0.2414,0.29145,0.2254
2531,10574,0.23425,0.2295,0.20115,0.3245
2219,6977,0.23535,0.23295,0.2318,0.21955
2588,10028,0.23925,0.24085,0.332,0.2557
2099,9754,0.2391,0.24125,0.21775,0.24215
2221,11032,0.2366,0.2305,0.2882,0.26505
1890,10099,0.23105,0.2314,0.2798,0.26765
2089,8195,0.24315,0.23975,0.26235,0.22345
2246,6834,0.23555,0.23725,0.20365,0.20965
2030,10309,0.2359,0.2343,0.33055,0.26405
2113,11232,0.23685,0.2388,0.30845,0.23845
2258,10643,0.2335,0.2322,0.31305,0.26595
2758,6969,0.22915,0.23295,0.17865,0.1486
2755,11376,0.22825,0.22115,0.2552,0.3293
2595,9261,0.235,0.2432,0.27445,0.2271
2316,16603,0.23535,0.23485,0.47925,0.21085
2480,12343,0.24145,0.2387,0.3724,0.2206
1629,7813,0.23205,0.23085,0.2388,0.2559
2026,9503,0.23885,0.24055,0.1665,0.23965
2477,6379,0.2403,0.2373,0.1911,0.18355
2071,7116,0.2447,0.234,0.1937,0.1676
1967,8953,0.234,0.23585,0.2736,0.1692
3235,7473,0.2295,0.23165,0.2264,0.2197
3333,10645,0.23465,0.2363,0.3222,0.31725
1279,7525,0.227,0.22645,0.24585,0.15875
1853,9684,0.23325,0.231,0.22355,0.3168
2555,11179,0.2378,0.2392,0.2611,0.32385
1835,8684,0.23275,0.23125,0.1489,0.2501
2271,8840,0.235,0.23595,0.166,0.29355
1937,9423,0.23465,0.23675,0.1533,0.2917
2084,8536,0.2329,0.235,0.2261,0.12355
1381,5103,0.2371,0.2358,0.1257,0.1314
1836,9430,0.23135,0.232,0.2663,0.1522
3496,14750,0.22865,0.2325,0.3633,0.3452
2836,8529,0.23285,0.22745,0.23175,0.24825
2255,9296,0.2351,0.2343,0.2715,0.29425
2388,9971,0.23265,0.23285,0.2985,0.22085
2108,9007,0.233,0.23235,0.19345,0.285
3240,8480,0.2413,0.2376,0.25545,0.22725
2389,7887,0.24175,0.24245,0.20175,0.18585
1876,9973,0.2383,0.24,0.2091,0.293
2258,11088,0.2377,0.2401,0.2522,0.36275
2566,9853,0.22755,0.2221,0.2413,0.27565
2584,14274,0.22995,0.2262,0.22515,0.42865
2580,10840,0.2335,0.23,0.2045,0.288
2663,13964,0.23315,0.22325,0.2501,0.3992
2495,7982,0.2355,0.23985,0.20545,0.17735
2686,9529,0.2375,0.2384,0.3045,0.1852
2857,8331,0.233,0.23315,0.21705,0.22425
1918,8673,0.23775,0.234,0.1685,0.2736
2004,11875,0.2404,0.23705,0.31185,0.2153
2620,8948,0.23295,0.2336,0.287,0.28305
2383,12079,0.23625,0.24025,0.38325,0.36855
2380,9023,0.2321,0.23315,0.20745,0.26605
2151,8912,0.2427,0.2409,0.17425,0.29255
2107,9249,0.2393,0.2447,0.2185,0.2682
3064,12964,0.2342,0.22515,0.27245,0.37145
2143,9528,0.24065,0.24135,0.26725,0.20885
2252,11054,0.238,0.23545,0.19655,0.2859
1919,7164,0.243,0.2386,0.2046,0.19935
2384,7286,0.2343,0.23955,0.20255,0.2273
2225,9103,0.2336,0.2302,0.2646,0.29145
2501,9145,0.23475,0.2354,0.2825,0.2452
2384,8038,0.2282,0.24005,0.23705,0.2427
562,9464,0.23185,0.2332,0.26345,0.20775
2272,9202,0.23395,0.2329,0.2778,0.20365
2585,10225,0.22535,0.23045,0.26825,0.20295
2173,11310,0.2315,0.2354,0.28995,0.17105
2571,6141,0.24225,0.2396,0.1574,0.17365
2319,7515,0.2259,0.23315,0.1834,0.19345
1488,13848,0.2319,0.2325,0.37275,0.38545
2288,9948,0.23325,0.23585,0.30455,0.33125
2592,8075,0.23455,0.2381,0.24965,0.1297
3013,11343,0.2384,0.23775,0.2718,0.3268
2616,12285,0.2368,0.23795,0.2803,0.2094
2673,10226,0.2324,0.23375,0.2738,0.3152
2322,6973,0.2332,0.2323,0.2214,0.1529
3274,8946,0.24105,0.23935,0.2575,0.24765
2516,10993,0.23575,0.2345,0.22585,0.3523
2037,8859,0.2344,0.23885,0.28075,0.18325
3145,13219,0.23155,0.2294,0.36615,0.3535
2688,8931,0.2338,0.24315,0.15415,0.25885
1665,8340,0.23575,0.2358,0.22555,0.19055
2783,11034,0.2317,0.2306,0.27795,0.27905
1895,9569,0.24345,0.23805,0.09945,0.2507
3117,10442,0.235,0.23205,0.2606,0.2741
2519,11960,0.23915,0.2339,0.16945,0.32295
1876,10157,0.23635,0.23595,0.1577,0.29685
2166,11797,0.23595,0.2379,0.32735,0.17115
2156,8953,0.2363,0.2334,0.2712,0.23315
2230,9511,0.2344,0.234,0.11575,0.24405
2324,9542,0.2341,0.2339,0.29665,0.29465
2642,10625,0.23995,0.23465,0.3094,0.20085
2151,6849,0.24225,0.236,0.17255,0.1897
1735,10607,0.24095,0.23715,0.285,0.2953
2458,8646,0.23275,0.2333,0.2869,0.21965
2508,14350,0.23035,0.2244,0.4472,0.18305
1842,8999,0.2311,0.2324,0.28475,0.255
2346,7413,0.2347,0.232,0.2415,0.23635
1351,4687,0.2324,0.23255,0.1543,0.12495
2459,8441,0.2407,0.2385,0.22965,0.26255
2475,7134,0.2316,0.2346,0.22135,0.2172
2469,10785,0.2316,0.2324,0.20565,0.34125
1564,9405,0.23635,0.2335,0.20145,0.26815
2283,11999,0.23275,0.23145,0.2217,0.37165
2130,9315,0.2464,0.2476,0.2911,0.1636
2557,11192,0.22485,0.2318,0.273,0.3195
1837,11196,0.23685,0.2363,0.33265,0.19115
2950,10688,0.23565,0.23725,0.3083,0.19875
2874,8828,0.213,0.22905,0.25145,0.18275
2278,10628,0.23655,0.2346,0.3108,0.22885
2134,10985,0.2303,0.2289,0.31215,0.23445
2256,7735,0.2404,0.2377,0.17545,0.21455
2897,10751,0.234,0.24135,0.28205,0.26185
2476,7527,0.2353,0.2415,0.1968,0.24345
2909,12005,0.2222,0.2308,0.37425,0.31605
2345,7561,0.23615,0.2343,0.21985,0.24385
1821,10202,0.2344,0.23395,0.2745,0.19545
2631,7995,0.23155,0.23405,0.21625,0.2351
2580,10107,0.23895,0.24145,0.30675,0.22715
2367,8903,0.2332,0.23475,0.27385,0.2622
2515,9053,0.23305,0.23035,0.23535,0.2692
2246,8701,0.2353,0.2335,0.26435,0.2572
2719,7907,0.23415,0.23215,0.1055,0.25795
2273,7119,0.2398,0.23695,0.21795,0.20595
2071,14937,0.23375,0.23535,0.2421,0.4674
2194,6168,0.2365,0.24025,0.11865,0.1313
2307,9735,0.23685,0.2322,0.24255,0.25765
3335,9188,0.23625,0.2266,0.1637,0.2771
3089,9620,0.23515,0.23075,0.15005,0.29335
2179,11328,0.23565,0.23495,0.1733,0.2962
1649,11539,0.225,0.23015,0.2189,0.33905
2465,12783,0.22725,0.23325,0.40655,0.24905
2313,8897,0.2329,0.23505,0.2473,0.2249
1355,9751,0.2333,0.23475,0.2752,0.2424
1795,11232,0.23415,0.23545,0.21415,0.35785
1909,6704,0.23835,0.2378,0.2035,0.2167
2634,11200,0.2361,0.23205,0.24855,0.32935
1771,9242,0.234,0.2337,0.2645,0.28655
2132,10814,0.2413,0.2413,0.3569,0.22185
3365,10278,0.23735,0.2417,0.29965,0.3251
2635,15429,0.24045,0.2352,0.18365,0.4641
2108,10562,0.23055,0.2299,0.1854,0.33325
1936,5507,0.2369,0.2386,0.15245,0.15695
2795,10109,0.22705,0.22655,0.2844,0.30215
2085,12030,0.23715,0.2359,0.1625,0.3577
1756,9013,0.23985,0.2402,0.2362,0.28675
1812,7561,0.2377,0.23555,0.2141,0.2395
2146,7496,0.23755,0.2404,0.2351,0.20985
2014,10893,0.2346,0.23585,0.32355,0.214
4076,10912,0.23585,0.2329,0.2584,0.29985
2115,8919,0.23775,0.23715,0.25505,0.2796
2162,9084,0.24055,0.2407,0.2614,0.1812
2474,7071,0.2313,0.23245,0.23205,0.24085
1912,8196,0.23795,0.23955,0.2322,0.2368
2444,7322,0.23765,0.23875,0.21715,0.18655
3526,10349,0.2334,0.2341,0.33825,0.15195
2318,8169,0.2271,0.2353,0.16565,0.2616
1284,10522,0.243,0.2421,0.31305,0.17525
3088,7956,0.2373,0.2345,0.2212,0.23325
2652,10132,0.24055,0.2398,0.21015,0.2906
2640,8610,0.23425,0.23205,0.2642,0.16615
2624,10601,0.2334,0.23805,0.29705,0.28155
2601,11011,0.2392,0.2375,0.30005,0.24645
2857,9589,0.23455,0.2376,0.26725,0.3034
2161,9494,0.2374,0.23595,0.2813,0.26635
2330,15135,0.24175,0.2414,0.48345,0.2224
2008,7613,0.23675,0.2323,0.19855,0.2066
1290,9397,0.2293,0.2276,0.16715,0.2853
2209,8904,0.23415,0.23945,0.27335,0.11745
2709,10287,0.23295,0.2293,0.1477,0.30215
2492,8766,0.2399,0.2394,0.2231,0.2263
2258,8901,0.2278,0.23235,0.26425,0.24115
3055,7919,0.23425,0.23665,0.2343,0.25255
1577,10694,0.23935,0.23685,0.21295,0.3222
2623,12006,0.241,0.23505,0.2451,0.3408
2255,9902,0.2377,0.24105,0.27565,0.28495
2020,11256,0.2331,0.2379,0.34085,0.1294
2757,9092,0.22545,0.23255,0.2622,0.22105
2923,7893,0.22945,0.2321,0.20905,0.2572
1933,8878,0.235,0.23605,0.26715,0.23065
2081,5746,0.23035,0.23365,0.1755,0.14905
2834,7676,0.2383,0.236,0.2122,0.1695
2103,11458,0.2356,0.2351,0.1638,0.3252
2353,10033,0.2378,0.2353,0.184,0.3015
1183,11006,0.23735,0.23925,0.35595,0.1966
518,9143,0.2362,0.2356,0.26175,0.27975
1940,10399,0.23965,0.2407,0.32985,0.2855
2074,11288,0.24325,0.2391,0.305,0.31415
2927,8887,0.2366,0.2337,0.1772,0.2425
2402,7921,0.23505,0.2311,0.1977,0.2082
2700,6678,0.23335,0.23525,0.19075,0.2081
3039,8001,0.2363,0.23445,0.2162,0.2378
2055,10595,0.23685,0.2363,0.29085,0.2454
1836,8618,0.23955,0.23205,0.24625,0.2071
2844,10593,0.23125,0.2383,0.3401,0.25315
2232,8470,0.2353,0.2419,0.23425,0.15615
3069,13082,0.2338,0.2313,0.24095,0.404
2002,9007,0.24115,0.239,0.29595,0.1498
2399,8615,0.24065,0.23805,0.27205,0.28515
2916,9245,0.23795,0.2365,0.1932,0.2345
1696,7629,0.2364,0.2348,0.23645,0.196
2219,7718,0.2314,0.23715,0.1836,0.23545
2263,10546,0.2406,0.23945,0.1717,0.33355
1938,9935,0.2373,0.2374,0.30285,0.18065
1982,7762,0.238,0.2341,0.1997,0.12385
2737,6936,0.23355,0.23815,0.22765,0.17165
2544,7075,0.232,0.23035,0.1988,0.191
2496,8205,0.23235,0.2305,0.2438,0.21785
2284,11905,0.2327,0.2384,0.2683,0.351
2668,6807,0.23365,0.23165,0.1762,0.21235
2895,8008,0.2299,0.23625,0.2412,0.22615
2093,8688,0.23635,0.23865,0.2624,0.20285
2680,8184,0.24155,0.2389,0.2116,0.24255
2451,9584,0.22585,0.233,0.2787,0.2516
2782,6048,0.233,0.23815,0.1869,0.132
1752,11426,0.2346,0.2346,0.25825,0.34285
2611,9609,0.24195,0.23525,0.20445,0.3036
2156,8721,0.23835,0.2372,0.22585,0.20475
1968,8607,0.23695,0.239,0.2863,0.2031
2223,9713,0.23915,0.2388,0.3017,0.23525
1923,10361,0.2342,0.2349,0.21715,0.29415
2891,10330,0.2369,0.23915,0.2918,0.29955
1978,8867,0.24375,0.2425,0.25235,0.2786
2051,9672,0.2336,0.2338,0.25625,0.26895
2350,8842,0.23195,0.2327,0.21405,0.2623
2221,12638,0.23345,0.2393,0.38905,0.2204
2550,11959,0.24455,0.2425,0.2115,0.3703
2290,7515,0.2331,0.2392,0.15005,0.2118
1528,8621,0.2382,0.2367,0.2436,0.27205
2613,10874,0.24085,0.236,0.1702,0.2556
2063,11848,0.24165,0.23855,0.14255,0.36645
1771,10261,0.24235,0.2429,0.2759,0.33285
2693,10942,0.2383,0.2332,0.15355,0.31175
2691,8945,0.2356,0.22635,0.1984,0.2703
1913,11178,0.23895,0.2334,0.18985,0.3452
2573,10983,0.24325,0.2395,0.2021,0.36245
2330,10598,0.22595,0.2291,0.3221,0.2953
2212,10467,0.2326,0.2342,0.31785,0.3287
2140,6167,0.23565,0.23805,0.1767,0.14715
2639,10113,0.2319,0.23445,0.2457,0.2998
3122,12377,0.22535,0.24025,0.36095,0.1217
2486,10691,0.23385,0.23645,0.23635,0.24755
2181,7425,0.236,0.2335,0.14525,0.2041
2267,8589,0.2306,0.2238,0.24255,0.25295
2659,8893,0.2292,0.23445,0.27265,0.26145
953,8355,0.22815,0.22705,0.1961,0.18815
2036,11868,0.2396,0.23985,0.28485,0.2407
2623,9765,0.23735,0.23225,0.287,0.2689
2367,10161,0.2308,0.24005,0.2907,0.33025
2295,6552,0.24275,0.2406,0.19405,0.18515
2560,13652,0.232,0.23305,0.33805,0.36585
2899,12775,0.23165,0.22375,0.2295,0.38565
2428,8760,0.23045,0.2363,0.20305,0.24485
3028,11062,0.2379,0.2313,0.3012,0.2535
2099,10210,0.2401,0.23935,0.2505,0.20315
1828,8835,0.2411,0.24015,0.2907,0.2115
2315,16084,0.2335,0.23505,0.4941,0.2411
2761,8013,0.23195,0.2401,0.2212,0.17345
2566,7270,0.2364,0.2374,0.23605,0.18845
2209,10268,0.2366,0.23715,0.25725,0.19295
2014,9554,0.2355,0.23435,0.23135,0.2556
2188,6635,0.23425,0.2409,0.16665,0.20095
2474,9302,0.23195,0.2284,0.19345,0.24985
1788,8162,0.24025,0.24235,0.22335,0.1337
1597,5438,0.2396,0.2393,0.16935,0.17245
2447,8182,0.2396,0.2411,0.23825,0.22595
1597,5066,0.2373,0.23585,0.133,0.16355
2200,10147,0.2289,0.23275,0.22245,0.29885
3230,9097,0.23505,0.23045,0.25765,0.20415
2300,7996,0.2417,0.23855,0.14745,0.2285
2538,6278,0.2394,0.23785,0.20295,0.18705
1855,5711,0.2468,0.24145,0.14265,0.1767
1011,9489,0.23485,0.2369,0.2571,0.30385
1887,9912,0.24465,0.2439,0.1768,0.2988
2815,10396,0.23695,0.2336,0.1635,0.3121
2163,9949,0.233,0.23685,0.16045,0.28685
2083,6201,0.2356,0.2363,0.17885,0.17215
2406,10370,0.22945,0.2303,0.3231,0.1848
2567,8131,0.2401,0.23805,0.207,0.22715
2492,6595,0.2366,0.23475,0.22015,0.14635
3580,10057,0.23025,0.233,0.26,0.2069
2165,10633,0.22615,0.2326,0.2499,0.34045
2452,10820,0.23125,0.2337,0.30775,0.1925
2398,10858,0.2326,0.22935,0.15845,0.24405
2477,6258,0.2323,0.23275,0.1584,0.17125
1875,9815,0.2325,0.23265,0.24785,0.2303
2145,8560,0.23765,0.23435,0.22755,0.17115
2415,9980,0.2382,0.23575,0.2298,0.28855
2535,8578,0.23505,0.23355,0.20085,0.24615
2533,10833,0.23565,0.23595,0.3276,0.12125
2337,11827,0.235,0.236,0.2102,0.36295
2300,10246,0.23555,0.2387,0.12195,0.2795
2237,11312,0.2352,0.23675,0.2446,0.34055
2137,10528,0.23445,0.2347,0.1725,0.31605
2145,11152,0.2365,0.24005,0.302,0.14075
2393,6601,0.2325,0.23905,0.18495,0.13715
1836,10535,0.23,0.23165,0.20085,0.3119
2259,11664,0.23575,0.22855,0.2803,0.3298
1850,8310,0.2377,0.23215,0.25375,0.10655
2483,6941,0.2431,0.24535,0.18425,0.1997
1704,9938,0.2349,0.23435,0.1631,0.2551
3262,7554,0.2434,0.24175,0.2067,0.22195
2761,7476,0.23065,0.237,0.184,0.23405
2200,10111,0.2381,0.2377,0.19065,0.3208
2526,14362,0.2343,0.2323,0.20395,0.40015
1945,10833,0.23665,0.23795,0.15445,0.18645
2245,6493,0.2378,0.232,0.18515,0.12295
2861,6540,0.24045,0.23645,0.1108,0.18495
1839,9333,0.2335,0.23655,0.2788,0.20035
2668,9584,0.23455,0.2375,0.272,0.1802
2683,12144,0.2475,0.24815,0.21065,0.36765
2418,12118,0.22775,0.2342,0.24285,0.2577
2316,6519,0.23745,0.237,0.18135,0.1706
1254,11048,0.233,0.2336,0.3305,0.27935
2321,8950,0.2389,0.23595,0.27645,0.11925
1996,7816,0.2305,0.2345,0.17785,0.1719
2315,6544,0.23355,0.2376,0.19125,0.17325
2152,7400,0.23435,0.2386,0.1993,0.1692
2963,13150,0.2313,0.23655,0.1753,0.43965
2769,9273,0.232,0.2357,0.1924,0.30095
2681,10295,0.2356,0.2302,0.1983,0.31875
1610,5519,0.2348,0.2349,0.17885,0.1689
2259,10722,0.2447,0.24205,0.1404,0.35245
1993,8242,0.2309,0.23225,0.22655,0.1912
2628,12013,0.23505,0.2427,0.35215,0.18915
2692,8687,0.2344,0.23825,0.24885,0.22805
2204,8611,0.2267,0.23315,0.1766,0.25635
2606,9878,0.2353,0.2356,0.21505,0.29535
1930,11289,0.23555,0.232,0.15085,0.3349
2342,11676,0.2379,0.23185,0.22305,0.34335
1993,11059,0.22585,0.2245,0.1742,0.34375
1730,8769,0.23405,0.23515,0.2493,0.2034
2055,10030,0.22585,0.23065,0.3023,0.2519
2114,8181,0.2333,0.23865,0.22195,0.1674
2150,7492,0.23975,0.239,0.24085,0.20835
2678,11270,0.23555,0.2402,0.3225,0.18935
2375,7174,0.22965,0.23375,0.23,0.2034
2219,11158,0.23445,0.2357,0.1933,0.29045
2375,8653,0.233,0.24105,0.1699,0.23585
2002,8409,0.2385,0.237,0.1915,0.2161
3255,11635,0.23935,0.2413,0.35395,0.1738
1805,6120,0.2368,0.23905,0.1728,0.1797
2581,13232,0.23485,0.23055,0.25315,0.4351
1161,6933,0.22685,0.22765,0.1811,0.18355
3215,16575,0.2365,0.2282,0.26455,0.49225
2499,7912,0.2411,0.237,0.24185,0.2257
2207,12055,0.2362,0.23595,0.141,0.36585
2324,11397,0.2284,0.23225,0.22305,0.28215
3205,7816,0.2366,0.23665,0.22315,0.19795
2186,8805,0.2371,0.2426,0.25115,0.28455
2535,8489,0.24005,0.23895,0.1989,0.2176
2995,12048,0.234,0.2282,0.2509,0.3771
2827,12105,0.2222,0.2314,0.3418,0.2174
3047,11523,0.23355,0.23635,0.318,0.19815
1894,12269,0.2334,0.2325,0.19295,0.3809
2223,8788,0.2321,0.23005,0.25015,0.23575
2619,6706,0.23575,0.2344,0.2323,0.2113
1601,9891,0.2335,0.23435,0.2276,0.2969
2186,8164,0.24025,0.23945,0.2636,0.1767
2747,6596,0.23005,0.2302,0.21525,0.20735
2326,7328,0.23155,0.2383,0.22455,0.1161
1759,7355,0.2359,0.23465,0.16645,0.24065
1794,8511,0.23095,0.23305,0.2665,0.1813
1145,5992,0.2373,0.23525,0.1245,0.1503
2186,9573,0.2312,0.2337,0.27235,0.29375
1982,9178,0.23885,0.2387,0.2488,0.246
2185,7579,0.2319,0.2323,0.2068,0.2187
2931,10703,0.23965,0.23905,0.1857,0.3194
2376,13032,0.2364,0.23855,0.386,0.40785
1941,8535,0.23975,0.23835,0.2486,0.1462
2395,8989,0.2386,0.24025,0.26065,0.20935
2197,8152,0.24005,0.2401,0.2515,0.25105
1211,6399,0.24095,0.2417,0.13245,0.20955
2416,9406,0.2386,0.2397,0.26185,0.2651
1708,8948,0.2427,0.2435,0.2605,0.26325
2318,12673,0.23405,0.23115,0.3883,0.26345
1968,7077,0.2395,0.2432,0.21715,0.1907
1466,11919,0.2357,0.23545,0.3606,0.2747
1933,7764,0.23145,0.2321,0.21475,0.20485
1885,14005,0.2357,0.23525,0.2256,0.35475
1953,11301,0.23325,0.2298,0.304,0.17145
2354,9127,0.2409,0.24195,0.24925,0.0981
2102,8415,0.23235,0.2364,0.24855,0.1578
2462,10945,0.2373,0.23585,0.31735,0.25525
2192,13936,0.22915,0.2305,0.22585,0.40395
2078,8658,0.24375,0.24325,0.2636,0.26645
2293,8660,0.2314,0.23805,0.1612,0.16985
2588,8872,0.2384,0.2371,0.16185,0.283
2013,12212,0.2359,0.23455,0.28735,0.3626
2784,9614,0.2405,0.2387,0.2399,0.30665
3655,9995,0.2348,0.22325,0.2452,0.3042
2317,13759,0.238,0.23655,0.422,0.22685
2450,7113,0.23125,0.23105,0.1353,0.1801
3130,12202,0.23975,0.24255,0.35385,0.2544
2355,7050,0.23385,0.23135,0.21575,0.1873
2978,9234,0.2324,0.23675,0.2464,0.26985
3080,10599,0.24645,0.2447,0.33665,0.255
1844,7514,0.2334,0.23375,0.206,0.22885
1556,11700,0.22565,0.2256,0.18365,0.3549
1792,7963,0.23455,0.2319,0.22725,0.15525
1914,8026,0.2381,0.23575,0.2451,0.13445
2096,9494,0.24085,0.24185,0.14905,0.30595
2859,13022,0.23225,0.2346,0.37875,0.3214
2657,14774,0.2384,0.2402,0.20835,0.46275
2370,10931,0.2336,0.23615,0.3366,0.2044
1898,10812,0.2277,0.2271,0.27215,0.3398
2391,9658,0.23745,0.23725,0.19965,0.2917
2212,10370,0.23895,0.23765,0.2604,0.28905
1673,9724,0.23955,0.23965,0.2714,0.1545
2572,11024,0.2397,0.23275,0.27265,0.3358
2481,10059,0.2306,0.22785,0.29475,0.27145
2767,12147,0.23995,0.2335,0.17365,0.3913
2242,6554,0.2329,0.23455,0.15655,0.20425
2012,6865,0.23295,0.2342,0.23075,0.16485
2790,10641,0.23085,0.22965,0.18945,0.2534
2071,10429,0.23305,0.2362,0.2168,0.30445
1753,11405,0.23825,0.23655,0.35295,0.22145
2954,9346,0.234,0.2334,0.24485,0.28615
1202,7300,0.2324,0.2321,0.12815,0.18525
2334,13761,0.2285,0.22815,0.2919,0.1328
1554,10805,0.23315,0.2346,0.3222,0.22275
1867,10271,0.23985,0.23855,0.2518,0.15935
