method,replicate,met,meeting_time,iterations,acceptance_rate_chain1,acceptance_rate_chain2,proposal_meetings,boundary_rejections,elapsed_seconds,provenance,seed
stereographic,0,False,-1,1000000,0.0,0.0,8022,0,19.960132000007434,reused_original_100rep,original_shard_seeds
stereographic,1,True,82,82,0.2682926829268293,0.3170731707317073,6,0,0.0015823749999981374,reused_original_100rep,original_shard_seeds
stereographic,2,False,-1,1000000,0.0,0.159012,6699,0,20.08043566599372,reused_original_100rep,original_shard_seeds
stereographic,3,True,108,108,0.37037037037037035,0.37962962962962965,4,0,0.0036459999973885715,reused_original_100rep,original_shard_seeds
stereographic,4,True,25,25,0.4,0.28,1,0,0.0008387499838136137,reused_original_100rep,original_shard_seeds
stereographic,5,False,-1,1000000,0.0,0.182477,6653,0,22.217867915984243,reused_original_100rep,original_shard_seeds
stereographic,6,False,-1,1000000,0.0,0.188299,6546,0,23.082523458986543,reused_original_100rep,original_shard_seeds
stereographic,7,False,-1,1000000,0.0,0.168871,6671,0,22.368195125018246,reused_original_100rep,original_shard_seeds
stereographic,8,False,-1,1000000,0.0,0.163502,6601,0,22.429777792014647,reused_original_100rep,original_shard_seeds
stereographic,9,False,-1,1000000,0.192824,0.0,6614,0,22.79439383299905,reused_original_100rep,original_shard_seeds
stereographic,10,True,33209,33209,0.1357162215062182,0.00012044927579872926,253,0,0.7347425420011859,reused_original_100rep,original_shard_seeds
stereographic,11,True,213122,213122,9.853511134467582e-05,0.12313135199557061,1372,0,4.9754112499940675,reused_original_100rep,original_shard_seeds
stereographic,12,False,-1,1000000,0.0,0.02397,6955,0,22.415718875010498,reused_original_100rep,original_shard_seeds
stereographic,13,False,-1,1000000,0.0,0.0,10652,0,22.961515292001422,reused_original_100rep,original_shard_seeds
stereographic,14,True,219625,219625,0.1657962435970404,0.00011383039271485487,1530,0,4.959873083018465,reused_original_100rep,original_shard_seeds
stereographic,15,False,-1,1000000,0.0,0.0,6956,0,22.449812334001763,reused_original_100rep,original_shard_seeds
stereographic,16,True,2,2,1.0,1.0,1,0,0.0002125409955624491,reused_original_100rep,original_shard_seeds
stereographic,17,True,14,14,0.21428571428571427,0.2857142857142857,3,0,0.0003751249751076102,reused_original_100rep,original_shard_seeds
stereographic,18,False,-1,1000000,0.0,0.201341,6582,0,23.16730670799734,reused_original_100rep,original_shard_seeds
stereographic,19,True,524433,524433,3.0509140347766065e-05,0.21093828954318283,3342,0,12.2532019589853,reused_original_100rep,original_shard_seeds
stereographic,20,True,245,245,0.1469387755102041,0.1673469387755102,11,0,0.0044889579876326025,reused_original_100rep,original_shard_seeds
stereographic,21,True,20,20,0.4,0.65,1,0,0.0028131250001024455,reused_original_100rep,original_shard_seeds
stereographic,22,False,-1,1000000,0.0,0.112568,6637,0,16.81416100001661,reused_original_100rep,original_shard_seeds
stereographic,23,True,88,88,0.3977272727272727,0.45454545454545453,5,0,0.0017430410080123693,reused_original_100rep,original_shard_seeds
stereographic,24,False,-1,1000000,0.0,0.167731,6591,0,16.264525833015796,reused_original_100rep,original_shard_seeds
stereographic,25,True,7,7,0.5714285714285714,0.7142857142857143,1,0,0.6147085420088843,reused_original_100rep,original_shard_seeds
stereographic,26,False,-1,1000000,0.0,0.193128,6466,0,19.970716874988284,reused_original_100rep,original_shard_seeds
stereographic,27,False,-1,1000000,0.0,0.190392,6761,0,20.38735450000968,reused_original_100rep,original_shard_seeds
stereographic,28,True,26,26,0.38461538461538464,0.5769230769230769,1,0,0.001194083975860849,reused_original_100rep,original_shard_seeds
stereographic,29,True,12872,12872,0.17743940335612182,0.0006215040397762585,92,0,0.2656804999860469,reused_original_100rep,original_shard_seeds
stereographic,30,True,3,3,0.6666666666666666,0.6666666666666666,1,0,0.001717833016300574,reused_original_100rep,original_shard_seeds
stereographic,31,True,40,40,0.45,0.475,2,0,0.0009298750082962215,reused_original_100rep,original_shard_seeds
stereographic,32,True,163,163,0.1901840490797546,0.25153374233128833,6,0,0.003100667003309354,reused_original_100rep,original_shard_seeds
stereographic,33,True,78,78,0.16666666666666666,0.1794871794871795,2,0,0.002288707997649908,reused_original_100rep,original_shard_seeds
stereographic,34,True,58,58,0.08620689655172414,0.43103448275862066,1,0,0.002531041012844071,reused_original_100rep,original_shard_seeds
stereographic,35,False,-1,1000000,0.161276,0.0,6668,0,21.669690832990455,reused_original_100rep,original_shard_seeds
stereographic,36,False,-1,1000000,0.0,0.167682,6394,0,23.373025791021064,reused_original_100rep,original_shard_seeds
stereographic,37,False,-1,1000000,0.184848,0.0,6669,0,23.507981250004377,reused_original_100rep,original_shard_seeds
stereographic,38,False,-1,1000000,0.0,0.164796,6575,0,23.624666583986254,reused_original_100rep,original_shard_seeds
stereographic,39,False,-1,1000000,0.0,0.191389,6311,0,22.430617875012103,reused_original_100rep,original_shard_seeds
stereographic,40,False,-1,1000000,0.0,0.188252,6593,0,22.568485333991703,reused_original_100rep,original_shard_seeds
stereographic,41,True,60,60,0.3333333333333333,0.45,3,0,0.0019745829922612756,reused_original_100rep,original_shard_seeds
stereographic,42,False,-1,1000000,0.191215,0.0,6665,0,22.147014291986125,reused_original_100rep,original_shard_seeds
stereographic,43,True,25475,25475,0.19697742885181552,0.0005888125613346418,173,0,0.5897309170104563,reused_original_100rep,original_shard_seeds
stereographic,44,True,17,17,0.17647058823529413,0.23529411764705882,1,0,0.0005004589911550283,reused_original_100rep,original_shard_seeds
stereographic,45,False,-1,1000000,0.0,0.191573,6437,0,23.135263040981954,reused_original_100rep,original_shard_seeds
stereographic,46,True,51,51,0.3333333333333333,0.3137254901960784,4,0,0.001127166993683204,reused_original_100rep,original_shard_seeds
stereographic,47,False,-1,1000000,0.129744,0.0,6626,0,23.539482666994445,reused_original_100rep,original_shard_seeds
stereographic,48,False,-1,1000000,0.149769,0.0,6562,0,23.47306458299863,reused_original_100rep,original_shard_seeds
stereographic,49,False,-1,1000000,0.166089,0.0,6826,0,16.301549084018916,reused_original_100rep,original_shard_seeds
stereographic,50,False,-1,1000000,0.0,0.196268,6558,0,20.255608875013422,reused_original_100rep,original_shard_seeds
stereographic,51,True,413,413,0.03631961259079903,0.24939467312348668,6,0,0.006412582995835692,reused_original_100rep,original_shard_seeds
stereographic,52,True,48,48,0.2708333333333333,0.25,10,0,0.001444209017790854,reused_original_100rep,original_shard_seeds
stereographic,53,False,-1,1000000,0.0,0.20088,6490,0,20.91295333398739,reused_original_100rep,original_shard_seeds
stereographic,54,False,-1,1000000,0.182562,0.0,6445,0,22.453153042006306,reused_original_100rep,original_shard_seeds
stereographic,55,True,84,84,0.023809523809523808,0.30952380952380953,3,0,0.0030506670009344816,reused_original_100rep,original_shard_seeds
stereographic,56,False,-1,1000000,0.182459,0.0,6537,0,23.418142499984242,reused_original_100rep,original_shard_seeds
stereographic,57,True,9,9,0.3333333333333333,0.3333333333333333,1,0,0.0008344579837284982,reused_original_100rep,original_shard_seeds
stereographic,58,True,22,22,0.5909090909090909,0.36363636363636365,1,0,0.0010939580097328871,reused_original_100rep,original_shard_seeds
stereographic,59,True,6,6,0.5,0.5,2,0,0.0005077499954495579,reused_original_100rep,original_shard_seeds
stereographic,60,True,68,68,0.36764705882352944,0.38235294117647056,8,0,0.002104041981510818,reused_original_100rep,original_shard_seeds
stereographic,61,True,25,25,0.36,0.08,7,0,0.0011773330043070018,reused_original_100rep,original_shard_seeds
stereographic,62,False,-1,1000000,0.0,0.174042,6626,0,23.880008792009903,reused_original_100rep,original_shard_seeds
stereographic,63,False,-1,1000000,0.162855,0.0,6617,0,23.720732082991162,reused_original_100rep,original_shard_seeds
stereographic,64,True,15,15,0.4666666666666667,0.6,5,0,0.0009341670083813369,reused_original_100rep,original_shard_seeds
stereographic,65,True,173,173,0.23121387283236994,0.2138728323699422,10,0,0.004806374985491857,reused_original_100rep,original_shard_seeds
stereographic,66,True,10,10,0.8,0.6,1,0,0.00028175002080388367,reused_original_100rep,original_shard_seeds
stereographic,67,False,-1,1000000,0.0,0.191363,6429,0,23.199797125009354,reused_original_100rep,original_shard_seeds
stereographic,68,False,-1,1000000,0.158597,0.0,6758,0,23.234848874999443,reused_original_100rep,original_shard_seeds
stereographic,69,False,-1,1000000,0.178632,0.0,6582,0,23.440954999998212,reused_original_100rep,original_shard_seeds
stereographic,70,False,-1,1000000,0.0,0.186123,6551,0,22.704992749990197,reused_original_100rep,original_shard_seeds
stereographic,71,False,-1,1000000,0.0,0.0,7876,0,22.954451500001596,reused_original_100rep,original_shard_seeds
stereographic,72,True,7,7,0.2857142857142857,0.2857142857142857,4,0,0.0006650409777648747,reused_original_100rep,original_shard_seeds
stereographic,73,True,5,5,0.8,0.8,1,0,0.0002876659855246544,reused_original_100rep,original_shard_seeds
stereographic,74,True,129,129,0.20155038759689922,0.17829457364341086,6,0,0.005104040988953784,reused_original_100rep,original_shard_seeds
stereographic,75,True,9636,9636,0.005085097550850975,0.23723536737235368,74,0,0.820597457990516,reused_original_100rep,original_shard_seeds
stereographic,76,False,-1,1000000,0.19509,0.0,6511,0,21.24693045800086,reused_original_100rep,original_shard_seeds
stereographic,77,False,-1,1000000,0.0,0.192076,6604,0,19.96103520898032,reused_original_100rep,original_shard_seeds
stereographic,78,True,157,157,0.03184713375796178,0.2484076433121019,3,0,0.003775541001232341,reused_original_100rep,original_shard_seeds
stereographic,79,False,-1,1000000,0.160319,0.0,6648,0,22.264865082979668,reused_original_100rep,original_shard_seeds
stereographic,80,False,-1,1000000,0.185446,0.0,6715,0,23.306083375005983,reused_original_100rep,original_shard_seeds
stereographic,81,False,-1,1000000,0.0,0.154058,6721,0,23.943411124986596,reused_original_100rep,original_shard_seeds
stereographic,82,True,19,19,0.3684210526315789,0.3684210526315789,1,0,0.0009814169898163527,reused_original_100rep,original_shard_seeds
stereographic,83,True,12,12,0.5833333333333334,0.5833333333333334,1,0,0.00036270800046622753,reused_original_100rep,original_shard_seeds
stereographic,84,True,108,108,0.10185185185185185,0.3888888888888889,1,0,0.0031143339874688536,reused_original_100rep,original_shard_seeds
stereographic,85,False,-1,1000000,0.135616,0.0,6872,0,23.11405095801456,reused_original_100rep,original_shard_seeds
stereographic,86,True,65,65,0.3076923076923077,0.27692307692307694,3,0,0.0018597499874886125,reused_original_100rep,original_shard_seeds
stereographic,87,True,98,98,0.2755102040816326,0.2653061224489796,7,0,0.0020834160095546395,reused_original_100rep,original_shard_seeds
stereographic,88,False,-1,1000000,0.0,0.202345,6496,0,22.45770833399729,reused_original_100rep,original_shard_seeds
stereographic,89,False,-1,1000000,0.0,0.176487,6444,0,22.563267624995206,reused_original_100rep,original_shard_seeds
stereographic,90,False,-1,1000000,0.161547,0.0,6492,0,23.27820691699162,reused_original_100rep,original_shard_seeds
stereographic,91,True,139,139,0.38848920863309355,0.12949640287769784,4,0,0.003322542004752904,reused_original_100rep,original_shard_seeds
stereographic,92,False,-1,1000000,0.0,0.0,8039,0,22.933298374991864,reused_original_100rep,original_shard_seeds
stereographic,93,True,24,24,0.2916666666666667,0.2916666666666667,2,0,0.0025238749803975224,reused_original_100rep,original_shard_seeds
stereographic,94,True,77,77,0.37662337662337664,0.37662337662337664,5,0,0.0013184580020606518,reused_original_100rep,original_shard_seeds
stereographic,95,False,-1,1000000,0.0,0.16136,6642,0,23.081614584021736,reused_original_100rep,original_shard_seeds
stereographic,96,True,87,87,0.42528735632183906,0.41379310344827586,3,0,0.004149834014242515,reused_original_100rep,original_shard_seeds
stereographic,97,True,41,41,0.17073170731707318,0.43902439024390244,1,0,0.0009709589940030128,reused_original_100rep,original_shard_seeds
stereographic,98,True,280,280,0.04285714285714286,0.04642857142857143,8,0,0.004855417006183416,reused_original_100rep,original_shard_seeds
stereographic,99,True,19,19,0.3157894736842105,0.3684210526315789,3,0,0.0010885829979088157,reused_original_100rep,original_shard_seeds
euclidean,0,True,112691,112691,0.005546139443256338,0.3482709355671704,31,0,2.130180209001992,reused_original_100rep,original_shard_seeds
euclidean,1,True,3972,3972,0.28323262839879154,0.08585095669687814,3,0,0.05782391698448919,reused_original_100rep,original_shard_seeds
euclidean,2,True,123623,123623,0.7915274665717544,0.2636240828971955,3,0,1.8039877499977592,reused_original_100rep,original_shard_seeds
euclidean,3,True,18113,18113,0.611936178435378,0.44973223651521005,2,0,0.2605270839994773,reused_original_100rep,original_shard_seeds
euclidean,4,True,13865,13865,0.23317706455102777,0.05531914893617021,10,0,0.21058354200795293,reused_original_100rep,original_shard_seeds
euclidean,5,True,57988,57988,0.0006208181002966131,0.0016037800924329172,12,0,0.8348180839966517,reused_original_100rep,original_shard_seeds
euclidean,6,True,11081,11081,0.6733146827903619,0.4746864001443913,1,0,0.16095304198097438,reused_original_100rep,original_shard_seeds
euclidean,7,True,10690,10690,0.5247895229186156,0.20729653882132834,1,0,0.15667133298120461,reused_original_100rep,original_shard_seeds
euclidean,8,True,400792,400792,0.8915148006946246,0.3577741072676101,1,0,5.886259624996455,reused_original_100rep,original_shard_seeds
euclidean,9,True,43710,43710,0.18030199039121483,0.02095630290551361,3,0,0.6329559160221834,reused_original_100rep,original_shard_seeds
euclidean,10,True,136333,136333,0.6928183198491927,0.23241621617656766,6,0,1.7257354999892414,reused_original_100rep,original_shard_seeds
euclidean,11,True,5632,5632,0.05184659090909091,0.10316051136363637,2,0,0.0706572080089245,reused_original_100rep,original_shard_seeds
euclidean,12,True,9992,9992,0.4023218574859888,0.08086469175340272,15,0,0.13764100000844337,reused_original_100rep,original_shard_seeds
euclidean,13,True,128891,128891,0.28418586247294225,0.004825783025967678,3,0,1.6014875000109896,reused_original_100rep,original_shard_seeds
euclidean,14,True,6572,6572,0.4491783323189288,0.22337188070602557,1,0,0.08300129100098275,reused_original_100rep,original_shard_seeds
euclidean,15,True,3893,3893,0.013100436681222707,0.015669149755972257,37,0,0.04875049999100156,reused_original_100rep,original_shard_seeds
euclidean,16,True,12981,12981,0.014251598490100917,0.01394345582004468,85,0,0.1639746250002645,reused_original_100rep,original_shard_seeds
euclidean,17,True,48871,48871,0.1738249677722985,0.7311084283112684,7,0,0.61174583400134,reused_original_100rep,original_shard_seeds
euclidean,18,True,6100,6100,0.05557377049180328,0.09639344262295083,7,0,0.07637266698293388,reused_original_100rep,original_shard_seeds
euclidean,19,True,13160,13160,0.4856382978723404,0.12492401215805471,2,0,0.16567650000797585,reused_original_100rep,original_shard_seeds
euclidean,20,True,12518,12518,0.5837993289662885,0.41252596261383606,2,0,0.15709808300016448,reused_original_100rep,original_shard_seeds
euclidean,21,True,15470,15470,0.5485455720749839,0.2798965740142211,1,0,0.19382225000299513,reused_original_100rep,original_shard_seeds
euclidean,22,True,4618,4618,0.6132524902555219,0.6403204850584668,1,0,0.057712000008905306,reused_original_100rep,original_shard_seeds
euclidean,23,True,48009,48009,0.22514528525901392,0.5852236039076006,4,0,0.6069798330136109,reused_original_100rep,original_shard_seeds
euclidean,24,True,13712,13712,0.35421528588098017,0.03208868144690782,3,0,0.17403475000173785,reused_original_100rep,original_shard_seeds
euclidean,25,True,32680,32680,0.6165850673194615,0.27980416156670745,6,0,0.8646390000067186,reused_original_100rep,original_shard_seeds
euclidean,26,True,43180,43180,0.039578508568781846,0.16496062992125984,44,0,0.6462044579966459,reused_original_100rep,original_shard_seeds
euclidean,27,True,16981,16981,0.47146811141864436,0.08050173723573406,6,0,0.2696810829802416,reused_original_100rep,original_shard_seeds
euclidean,28,True,36512,36512,0.3920628834355828,0.7250766871165644,2,0,0.5414305419835728,reused_original_100rep,original_shard_seeds
euclidean,29,True,4345,4345,0.019102416570771,0.04395857307249712,22,0,0.06605029202182777,reused_original_100rep,original_shard_seeds
euclidean,30,True,100670,100670,0.8305453461805901,0.10307936823283997,1,0,1.4763201669848058,reused_original_100rep,original_shard_seeds
euclidean,31,True,5551,5551,0.3114754098360656,0.16303368762385156,6,0,0.07867195800645277,reused_original_100rep,original_shard_seeds
euclidean,32,True,16115,16115,0.23971455165994415,0.39230530561588584,2,0,0.22490025000297464,reused_original_100rep,original_shard_seeds
euclidean,33,True,8725,8725,0.13810888252148998,0.06269340974212034,1,0,0.12331579098827206,reused_original_100rep,original_shard_seeds
euclidean,34,True,1621,1621,0.07772979642196175,0.06909315237507711,21,0,0.022273709008004516,reused_original_100rep,original_shard_seeds
euclidean,35,False,-1,1000000,0.298072,0.976635,0,0,14.643554625014076,reused_original_100rep,original_shard_seeds
euclidean,36,True,31472,31472,0.2759278088459583,0.15178571428571427,1,0,0.4952528750000056,reused_original_100rep,original_shard_seeds
euclidean,37,True,22880,22880,0.23592657342657342,0.6795017482517482,6,0,0.33359720901353285,reused_original_100rep,original_shard_seeds
euclidean,38,True,113880,113880,0.7442132068844398,0.2686599929750615,4,0,1.697989125008462,reused_original_100rep,original_shard_seeds
euclidean,39,True,21662,21662,0.46385375311605576,0.25625519342627645,9,0,0.3167827920115087,reused_original_100rep,original_shard_seeds
euclidean,40,True,19488,19488,0.024989737274220034,0.5123152709359606,3,0,0.2883429169887677,reused_original_100rep,original_shard_seeds
euclidean,41,True,18740,18740,0.15864461045891143,0.5336712913553895,2,0,0.2666222919942811,reused_original_100rep,original_shard_seeds
euclidean,42,True,18356,18356,0.11603835258226193,0.03186968838526912,26,0,0.27709670798503794,reused_original_100rep,original_shard_seeds
euclidean,43,True,3832,3832,0.15501043841336118,0.07463465553235908,8,0,0.057675749994814396,reused_original_100rep,original_shard_seeds
euclidean,44,True,8851,8851,0.32595186984521524,0.05637781041690205,3,0,0.13088833299116232,reused_original_100rep,original_shard_seeds
euclidean,45,True,14853,14853,0.05399582575910591,0.17760721739715882,1,0,0.21567741598119028,reused_original_100rep,original_shard_seeds
euclidean,46,True,27052,27052,0.3982330326778057,0.19935679432204642,2,0,0.3951318750041537,reused_original_100rep,original_shard_seeds
euclidean,47,True,35041,35041,0.26862817841956566,0.024942210553351787,1,0,0.5119166249933187,reused_original_100rep,original_shard_seeds
euclidean,48,True,8320,8320,0.16201923076923078,0.05,3,0,0.1263306670007296,reused_original_100rep,original_shard_seeds
euclidean,49,True,15655,15655,0.42082401788565954,0.7041839667837752,3,0,0.2327308340172749,reused_original_100rep,original_shard_seeds
euclidean,50,True,23185,23185,0.0190640500323485,0.18602544748759975,7,0,1.1008175000024494,reused_original_100rep,original_shard_seeds
euclidean,51,True,5542,5542,0.07109346806207145,0.06802598339949477,4,0,0.114891166012967,reused_original_100rep,original_shard_seeds
euclidean,52,True,125071,125071,0.31435744497125634,0.8092203628339103,1,0,2.537847833998967,reused_original_100rep,original_shard_seeds
euclidean,53,True,9399,9399,0.5082455580380891,0.38833918501968295,6,0,0.19393291699816473,reused_original_100rep,original_shard_seeds
euclidean,54,True,15472,15472,0.004718200620475698,0.0043950361944157185,167,0,0.3310252499941271,reused_original_100rep,original_shard_seeds
euclidean,55,True,4205,4205,0.08585017835909631,0.15267538644470868,1,0,0.09363345897872932,reused_original_100rep,original_shard_seeds
euclidean,56,True,5622,5622,0.3557452863749555,0.5713269299181786,1,0,0.1330757090181578,reused_original_100rep,original_shard_seeds
euclidean,57,True,1656,1656,0.37620772946859904,0.4245169082125604,1,0,0.03192770900204778,reused_original_100rep,original_shard_seeds
euclidean,58,True,10949,10949,0.05397753219472098,0.1275915608731391,48,0,0.22417649999260902,reused_original_100rep,original_shard_seeds
euclidean,59,True,1791,1791,0.11222780569514237,0.08375209380234507,4,0,0.03646795899840072,reused_original_100rep,original_shard_seeds
euclidean,60,True,19126,19126,0.343877444316637,0.7154658579943532,2,0,0.40594308299478143,reused_original_100rep,original_shard_seeds
euclidean,61,True,13449,13449,0.010186630976280765,0.04855379582125065,12,0,0.2572154589870479,reused_original_100rep,original_shard_seeds
euclidean,62,True,22396,22396,0.06233255938560457,0.3707804965172352,3,0,0.46228979199077,reused_original_100rep,original_shard_seeds
euclidean,63,True,89858,89858,0.14064412740101048,0.004117607781165839,2,0,1.9750280420121271,reused_original_100rep,original_shard_seeds
euclidean,64,True,6884,6884,0.1841952353282975,0.07335851249273678,13,0,0.1528789589938242,reused_original_100rep,original_shard_seeds
euclidean,65,True,337,337,0.27299703264094954,0.27299703264094954,5,0,0.006989499990595505,reused_original_100rep,original_shard_seeds
euclidean,66,True,26872,26872,0.09355462935397439,0.013657338493599286,2,0,0.5445961249934044,reused_original_100rep,original_shard_seeds
euclidean,67,True,5918,5918,0.3727610679283542,0.2211895910780669,1,0,0.11535433298558928,reused_original_100rep,original_shard_seeds
euclidean,68,True,8850,8850,0.33728813559322035,0.5776271186440678,2,0,0.19000391601002775,reused_original_100rep,original_shard_seeds
euclidean,69,True,173444,173444,0.21331380733839164,0.8098982957035123,4,0,3.566886249987874,reused_original_100rep,original_shard_seeds
euclidean,70,True,120739,120739,0.020068080736133313,0.7162225958472408,9,0,2.38598379198811,reused_original_100rep,original_shard_seeds
euclidean,71,True,44493,44493,0.39552289124131884,0.044793563032387115,3,0,0.9147683340124786,reused_original_100rep,original_shard_seeds
euclidean,72,True,5835,5835,0.31859468723221934,0.09905741216795201,7,0,0.12415829199017026,reused_original_100rep,original_shard_seeds
euclidean,73,True,2302,2302,0.0421372719374457,0.13075586446568202,2,0,0.04463520800345577,reused_original_100rep,original_shard_seeds
euclidean,74,True,42074,42074,0.2382944336169606,0.4297903693492418,30,0,0.8453610840078909,reused_original_100rep,original_shard_seeds
euclidean,75,True,6023,6023,0.1210360285571974,0.23592893906691018,2,0,0.5876069579971954,reused_original_100rep,original_shard_seeds
euclidean,76,True,45276,45276,0.22744942132697235,0.0033130135170951498,2,0,0.9349064170091879,reused_original_100rep,original_shard_seeds
euclidean,77,True,6195,6195,0.3962873284907183,0.2797417271993543,1,0,0.14973266600281931,reused_original_100rep,original_shard_seeds
euclidean,78,True,1851,1851,0.4613722312263641,0.41707185305240413,1,0,0.040825208008755,reused_original_100rep,original_shard_seeds
euclidean,79,True,388618,388618,0.24505040939946168,0.8942740686226577,5,0,7.953664708998986,reused_original_100rep,original_shard_seeds
euclidean,80,True,18673,18673,0.4647351791356504,0.18491940234563273,6,0,0.3630120830202941,reused_original_100rep,original_shard_seeds
euclidean,81,True,1789,1789,0.4986025712688653,0.4879821129122415,3,0,0.03696283299359493,reused_original_100rep,original_shard_seeds
euclidean,82,True,2317,2317,0.33923176521363835,0.29736728528269313,1,0,0.04294162499718368,reused_original_100rep,original_shard_seeds
euclidean,83,True,656,656,0.09908536585365854,0.11280487804878049,9,0,0.01347266702214256,reused_original_100rep,original_shard_seeds
euclidean,84,True,5483,5483,0.08918475287251505,0.04048878351267554,2,0,0.10625979100586846,reused_original_100rep,original_shard_seeds
euclidean,85,True,10806,10806,0.10688506385341477,0.027947436609291134,58,0,0.20770683299633674,reused_original_100rep,original_shard_seeds
euclidean,86,True,5283,5283,0.5947378383494227,0.4143479083853871,2,0,0.10120754200033844,reused_original_100rep,original_shard_seeds
euclidean,87,True,25631,25631,0.6021224298700792,0.30197807342670985,1,0,0.5035692499950528,reused_original_100rep,original_shard_seeds
euclidean,88,True,3453,3453,0.597161888213148,0.5554590211410367,1,0,0.0701401250262279,reused_original_100rep,original_shard_seeds
euclidean,89,True,26052,26052,0.03243512974051896,0.19411177644710578,4,0,0.5138333330105525,reused_original_100rep,original_shard_seeds
euclidean,90,True,7126,7126,0.14285714285714285,0.3428290766208251,1,0,0.1471037500014063,reused_original_100rep,original_shard_seeds
euclidean,91,True,1475,1475,0.3464406779661017,0.29627118644067796,6,0,0.022695250023389235,reused_original_100rep,original_shard_seeds
euclidean,92,True,213073,213073,0.0009668048039873659,0.2654864764658122,60,0,4.385567874996923,reused_original_100rep,original_shard_seeds
euclidean,93,True,1919,1919,0.1709223553934341,0.19072433559145388,4,0,0.04557266700430773,reused_original_100rep,original_shard_seeds
euclidean,94,True,17721,17721,0.24755939281078945,0.046724225495175215,6,0,0.35933554099756293,reused_original_100rep,original_shard_seeds
euclidean,95,True,134409,134409,0.8265592333846692,0.20443571487028397,2,0,2.574736375012435,reused_original_100rep,original_shard_seeds
euclidean,96,True,75953,75953,0.18811633510197096,0.7694100298869038,8,0,1.3413594999874476,reused_original_100rep,original_shard_seeds
euclidean,97,True,27243,27243,0.17083287449987153,0.42803655985023675,1,0,0.48520720802480355,reused_original_100rep,original_shard_seeds
euclidean,98,True,4581,4581,0.2944771883868151,0.1462562759222877,4,0,0.0934084580221679,reused_original_100rep,original_shard_seeds
euclidean,99,True,1225,1225,0.09877551020408164,0.1306122448979592,5,0,0.026283459010301158,reused_original_100rep,original_shard_seeds
scs,0,True,18,18,0.2777777777777778,0.2777777777777778,2,9,0.0013568339927587658,new_run,26092913
scs,1,True,11,11,0.6363636363636364,0.5454545454545454,3,6,0.00031454101554118097,new_run,26092913
scs,2,True,11,11,0.36363636363636365,0.36363636363636365,1,2,0.00026708299992606044,new_run,26092913
scs,3,True,10,10,0.5,0.4,1,4,0.000296833022730425,new_run,26092913
scs,4,True,32,32,0.28125,0.25,5,13,0.0006520839815493673,new_run,26092913
scs,5,True,12,12,0.4166666666666667,0.4166666666666667,1,1,0.0003692079917527735,new_run,26092913
scs,6,True,5,5,0.6,0.6,2,2,0.00025591699522919953,new_run,26092913
scs,7,True,11,11,0.36363636363636365,0.5454545454545454,1,5,0.0003311249893158674,new_run,26092913
scs,8,True,29,29,0.4827586206896552,0.7241379310344828,5,5,0.0005784580134786665,new_run,26092913
scs,9,True,16,16,0.5625,0.625,3,4,0.0004029580159112811,new_run,26092913
scs,10,True,19,19,0.5263157894736842,0.42105263157894735,2,6,0.00045145797776058316,new_run,26092913
scs,11,True,5,5,0.6,0.8,2,0,0.000244708004174754,new_run,26092913
scs,12,True,10,10,0.7,0.8,1,2,0.0003248340217396617,new_run,26092913
scs,13,True,9,9,0.5555555555555556,0.4444444444444444,2,0,0.000314916018396616,new_run,26092913
scs,14,True,25,25,0.32,0.36,1,6,0.0005949590122327209,new_run,26092913
scs,15,True,10,10,0.7,0.7,1,0,0.00033479201374575496,new_run,26092913
scs,16,True,10,10,0.5,0.5,2,2,0.0003387500182725489,new_run,26092913
scs,17,True,48,48,0.3541666666666667,0.3125,4,19,0.000953417009441182,new_run,26092913
scs,18,True,6,6,1.0,0.8333333333333334,1,1,0.00028974999440833926,new_run,26092913
scs,19,True,20,20,0.25,0.3,6,14,0.0005163330060895532,new_run,26092913
scs,20,True,11,11,0.45454545454545453,0.45454545454545453,2,4,0.00037458300357684493,new_run,26092913
scs,21,True,5,5,0.6,0.6,1,2,0.000270042015472427,new_run,26092913
scs,22,True,13,13,0.23076923076923078,0.3076923076923077,1,12,0.0004364580090623349,new_run,26092913
scs,23,True,12,12,0.3333333333333333,0.25,3,2,0.00043091599945910275,new_run,26092913
scs,24,True,22,22,0.45454545454545453,0.5,4,4,0.0006478329887613654,new_run,26092913
scs,25,True,8,8,0.375,0.625,1,0,0.0003438749990891665,new_run,26092913
scs,26,True,25,25,0.4,0.4,3,9,0.0007072500011418015,new_run,26092913
scs,27,True,5,5,0.6,0.6,1,0,0.00033241702476516366,new_run,26092913
scs,28,True,8,8,0.625,0.625,1,2,0.0003953749837819487,new_run,26092913
scs,29,True,9,9,0.6666666666666666,0.4444444444444444,1,0,0.00041404098737984896,new_run,26092913
scs,30,True,12,12,0.5833333333333334,0.6666666666666666,5,2,0.00047862500650808215,new_run,26092913
scs,31,True,30,30,0.43333333333333335,0.43333333333333335,3,12,0.0009626249957364053,new_run,26092913
scs,32,True,20,20,0.35,0.5,3,6,0.000728625018382445,new_run,26092913
scs,33,True,11,11,0.5454545454545454,0.45454545454545453,1,0,0.0006286250136326998,new_run,26092913
scs,34,True,18,18,0.4444444444444444,0.3333333333333333,2,5,0.0007039589982014149,new_run,26092913
scs,35,True,21,21,0.38095238095238093,0.5238095238095238,2,3,0.0007632499909959733,new_run,26092913
scs,36,True,23,23,0.43478260869565216,0.43478260869565216,2,6,0.000936708995141089,new_run,26092913
scs,37,True,12,12,0.4166666666666667,0.3333333333333333,1,1,0.0005915829970035702,new_run,26092913
scs,38,True,41,41,0.3902439024390244,0.36585365853658536,3,12,0.0014577909896615893,new_run,26092913
scs,39,True,26,26,0.2692307692307692,0.23076923076923078,2,6,0.0010347500210627913,new_run,26092913
scs,40,True,6,6,0.5,0.5,1,0,0.00042387499706819654,new_run,26092913
scs,41,True,14,14,0.5,0.5,1,5,0.000745666999137029,new_run,26092913
scs,42,True,4,4,0.75,0.75,1,0,0.0004059579805471003,new_run,26092913
scs,43,True,15,15,0.4666666666666667,0.4666666666666667,2,4,0.0008420000085607171,new_run,26092913
scs,44,True,9,9,0.4444444444444444,0.4444444444444444,2,0,0.0012915839906781912,new_run,26092913
scs,45,True,14,14,0.5,0.42857142857142855,2,1,0.0009694579930510372,new_run,26092913
scs,46,True,26,26,0.5,0.38461538461538464,1,10,0.0013246250164229423,new_run,26092913
scs,47,True,15,15,0.26666666666666666,0.3333333333333333,1,6,0.0009361249976791441,new_run,26092913
scs,48,True,5,5,0.8,0.8,1,2,0.0004805000207852572,new_run,26092913
scs,49,True,24,24,0.4166666666666667,0.20833333333333334,4,11,0.001227833010489121,new_run,26092913
scs,50,True,10,10,0.5,0.5,4,3,0.0008352079894393682,new_run,26092913
scs,51,True,6,6,0.6666666666666666,0.5,1,0,0.0006348330061882734,new_run,26092913
scs,52,True,26,26,0.4230769230769231,0.38461538461538464,1,4,0.0015346249856520444,new_run,26092913
scs,53,True,4,4,1.0,1.0,1,0,0.0005442499823402613,new_run,26092913
scs,54,True,4,4,0.75,0.75,1,2,0.0011594580137170851,new_run,26092913
scs,55,True,13,13,0.3076923076923077,0.46153846153846156,1,0,0.0011226669885218143,new_run,26092913
scs,56,True,15,15,0.4,0.6,1,2,0.0010220420081168413,new_run,26092913
scs,57,True,39,39,0.3076923076923077,0.28205128205128205,6,13,0.0022893330024089664,new_run,26092913
scs,58,True,35,35,0.37142857142857144,0.37142857142857144,6,15,0.001794499985408038,new_run,26092913
scs,59,True,21,21,0.2857142857142857,0.2857142857142857,4,3,0.0013174579944461584,new_run,26092913
scs,60,True,16,16,0.8125,0.5625,1,0,0.0011399999784771353,new_run,26092913
scs,61,True,9,9,0.4444444444444444,0.5555555555555556,1,1,0.0007998330111149698,new_run,26092913
scs,62,True,21,21,0.38095238095238093,0.42857142857142855,8,4,0.001506083004642278,new_run,26092913
scs,63,True,5,5,0.6,0.6,2,0,0.0007926660182420164,new_run,26092913
scs,64,True,20,20,0.4,0.4,1,10,0.0017584169982001185,new_run,26092913
scs,65,True,13,13,0.6153846153846154,0.5384615384615384,3,2,0.0009449170029256493,new_run,26092913
scs,66,True,13,13,0.46153846153846156,0.46153846153846156,3,0,0.001054708001902327,new_run,26092913
scs,67,True,41,41,0.1951219512195122,0.24390243902439024,3,17,0.0019387500069569796,new_run,26092913
scs,68,True,9,9,0.5555555555555556,0.5555555555555556,1,1,0.0023898750077933073,new_run,26092913
scs,69,True,14,14,0.42857142857142855,0.42857142857142855,1,5,0.0011935000075027347,new_run,26092913
scs,70,True,23,23,0.2608695652173913,0.43478260869565216,1,12,0.0016209580062422901,new_run,26092913
scs,71,True,8,8,0.625,0.75,1,0,0.0010204999998677522,new_run,26092913
scs,72,True,28,28,0.2857142857142857,0.32142857142857145,9,8,0.001415625010849908,new_run,26092913
scs,73,True,27,27,0.25925925925925924,0.18518518518518517,13,4,0.001265792001504451,new_run,26092913
scs,74,True,18,18,0.3333333333333333,0.2777777777777778,3,7,0.0010805839847307652,new_run,26092913
scs,75,True,26,26,0.38461538461538464,0.46153846153846156,2,5,0.0012196669995319098,new_run,26092913
scs,76,True,14,14,0.42857142857142855,0.42857142857142855,1,3,0.0008224579796660691,new_run,26092913
scs,77,True,6,6,0.8333333333333334,0.8333333333333334,2,0,0.0006612910074181855,new_run,26092913
scs,78,True,19,19,0.42105263157894735,0.42105263157894735,7,4,0.001733332988806069,new_run,26092913
scs,79,True,29,29,0.5172413793103449,0.41379310344827586,1,7,0.002059958002064377,new_run,26092913
scs,80,True,4,4,0.75,0.75,1,0,0.0005994170205667615,new_run,26092913
scs,81,True,11,11,0.45454545454545453,0.45454545454545453,2,4,0.00122916599502787,new_run,26092913
scs,82,True,14,14,0.42857142857142855,0.21428571428571427,3,4,0.0013303330051712692,new_run,26092913
scs,83,True,14,14,0.5714285714285714,0.5714285714285714,2,2,0.001482166990172118,new_run,26092913
scs,84,True,21,21,0.47619047619047616,0.5238095238095238,4,5,0.00200899998890236,new_run,26092913
scs,85,True,11,11,0.45454545454545453,0.5454545454545454,3,2,0.001269041997147724,new_run,26092913
scs,86,True,8,8,0.5,0.5,2,0,0.0008566250035073608,new_run,26092913
scs,87,True,15,15,0.4,0.26666666666666666,3,4,0.0010114169854205102,new_run,26092913
scs,88,True,23,23,0.34782608695652173,0.34782608695652173,5,8,0.001926333992742002,new_run,26092913
scs,89,True,11,11,0.45454545454545453,0.45454545454545453,2,5,0.000862207991303876,new_run,26092913
scs,90,True,16,16,0.375,0.3125,1,6,0.00141050000092946,new_run,26092913
scs,91,True,13,13,0.6153846153846154,0.6153846153846154,1,6,0.0009751670004334301,new_run,26092913
scs,92,True,19,19,0.47368421052631576,0.3684210526315789,7,9,0.001583166013006121,new_run,26092913
scs,93,True,10,10,0.6,0.6,2,4,0.0009873750095721334,new_run,26092913
scs,94,True,35,35,0.45714285714285713,0.45714285714285713,3,5,0.00215966600808315,new_run,26092913
scs,95,True,8,8,0.375,0.625,1,3,0.0012047500058542937,new_run,26092913
scs,96,True,37,37,0.43243243243243246,0.32432432432432434,2,18,0.0028860830061603338,new_run,26092913
scs,97,True,4,4,1.0,1.0,1,0,0.0008375000033993274,new_run,26092913
scs,98,True,9,9,0.5555555555555556,0.6666666666666666,3,4,0.0008342090004589409,new_run,26092913
scs,99,True,34,34,0.4411764705882353,0.4411764705882353,4,10,0.0025091250136028975,new_run,26092913
dcs_bw,0,True,858,858,0.3962703962703963,0.3997668997668998,2,909,0.014078875014092773,new_run,26092923
dcs_bw,1,True,458,458,0.4388646288209607,0.40829694323144106,2,456,0.007864124985644594,new_run,26092923
dcs_bw,2,True,1273,1273,0.40455616653574233,0.40926944226237233,3,1258,0.017346207983791828,new_run,26092923
dcs_bw,3,True,420,420,0.3904761904761905,0.38571428571428573,1,413,0.010062042012577876,new_run,26092923
dcs_bw,4,True,897,897,0.43478260869565216,0.43032329988851725,1,854,0.013007208006456494,new_run,26092923
dcs_bw,5,True,3423,3423,0.40987437919953257,0.4037394098743792,1,3523,0.04508479201467708,new_run,26092923
dcs_bw,6,True,1271,1271,0.3996852871754524,0.3870967741935484,1,1305,0.018210416979854926,new_run,26092923
dcs_bw,7,True,481,481,0.4095634095634096,0.4158004158004158,1,489,0.006321666005533189,new_run,26092923
dcs_bw,8,True,1235,1235,0.3862348178137652,0.3862348178137652,2,1303,0.015820665983483195,new_run,26092923
dcs_bw,9,True,1866,1866,0.3692390139335477,0.37566988210075025,3,2013,0.02575349999824539,new_run,26092923
dcs_bw,10,True,2406,2406,0.415211970074813,0.4251870324189526,1,2446,0.030005708016688004,new_run,26092923
dcs_bw,11,True,1686,1686,0.3973902728351127,0.4027283511269276,3,1720,0.022412542020902038,new_run,26092923
dcs_bw,12,True,470,470,0.41914893617021276,0.4276595744680851,4,466,0.006256666005356237,new_run,26092923
dcs_bw,13,True,752,752,0.3882978723404255,0.40824468085106386,1,775,0.010445167019497603,new_run,26092923
dcs_bw,14,True,982,982,0.39918533604887985,0.395112016293279,1,1005,0.012976500001968816,new_run,26092923
dcs_bw,15,True,555,555,0.3927927927927928,0.3963963963963964,9,610,0.007179874985013157,new_run,26092923
dcs_bw,16,True,853,853,0.4396248534583822,0.44196951934349354,1,811,0.010892000020248815,new_run,26092923
dcs_bw,17,True,795,795,0.3987421383647799,0.41132075471698115,1,774,0.010690249997423962,new_run,26092923
dcs_bw,18,True,667,667,0.39730134932533734,0.39580209895052476,1,677,0.00842687499243766,new_run,26092923
dcs_bw,19,True,1317,1317,0.3917995444191344,0.3788914198936978,2,1386,0.01671175000956282,new_run,26092923
dcs_bw,20,True,2664,2664,0.3982732732732733,0.3948948948948949,1,2736,0.03374966699630022,new_run,26092923
dcs_bw,21,True,4286,4286,0.3964069062062529,0.3968735417638824,1,4486,0.05766495899297297,new_run,26092923
dcs_bw,22,True,3251,3251,0.40664410950476776,0.4072593048292833,1,3247,0.04549045898602344,new_run,26092923
dcs_bw,23,True,1866,1866,0.3703108252947481,0.3703108252947481,1,2021,0.025269500009017065,new_run,26092923
dcs_bw,24,True,420,420,0.4666666666666667,0.45,4,398,0.005729583994252607,new_run,26092923
dcs_bw,25,True,2535,2535,0.3810650887573965,0.37909270216962526,1,2681,0.032365042017772794,new_run,26092923
dcs_bw,26,True,2477,2477,0.4376261606782398,0.44327815906338314,1,2426,0.033899250003742054,new_run,26092923
dcs_bw,27,True,1036,1036,0.39864864864864863,0.38803088803088803,4,1076,0.013983790995553136,new_run,26092923
dcs_bw,28,True,3646,3646,0.3952276467361492,0.3872737246297312,6,3812,0.04543891700450331,new_run,26092923
dcs_bw,29,True,1524,1524,0.37729658792650916,0.3884514435695538,5,1571,0.021204874996328726,new_run,26092923
dcs_bw,30,True,903,903,0.3864894795127353,0.3875968992248062,1,985,0.011256707977736369,new_run,26092923
dcs_bw,31,True,406,406,0.3694581280788177,0.37438423645320196,2,458,0.005150500015588477,new_run,26092923
dcs_bw,32,True,1444,1444,0.3801939058171745,0.37257617728531855,2,1590,0.018051582999760285,new_run,26092923
dcs_bw,33,True,1172,1172,0.43430034129692835,0.42918088737201365,4,1197,0.015600958984578028,new_run,26092923
dcs_bw,34,True,1486,1486,0.3997308209959623,0.4098250336473755,3,1485,0.020157250022748485,new_run,26092923
dcs_bw,35,True,636,636,0.4481132075471698,0.449685534591195,1,616,0.007667416997719556,new_run,26092923
dcs_bw,36,True,2301,2301,0.4037375054324207,0.40460669274228594,1,2375,0.02917083300417289,new_run,26092923
dcs_bw,37,True,1198,1198,0.4081803005008347,0.39315525876460766,8,1174,0.015445249999174848,new_run,26092923
dcs_bw,38,True,868,868,0.4423963133640553,0.4423963133640553,3,861,0.011009708017809317,new_run,26092923
dcs_bw,39,True,455,455,0.4175824175824176,0.41318681318681316,12,463,0.005938832997344434,new_run,26092923
dcs_bw,40,True,2891,2891,0.3773780698720166,0.3770321687997233,1,3112,0.038062875013565645,new_run,26092923
dcs_bw,41,True,777,777,0.39253539253539255,0.39253539253539255,1,847,0.009540708007989451,new_run,26092923
dcs_bw,42,True,1333,1333,0.38484621155288823,0.3893473368342086,7,1444,0.016487999993842095,new_run,26092923
dcs_bw,43,True,2034,2034,0.3992133726647001,0.39577187807276304,2,2077,0.026194000005489215,new_run,26092923
dcs_bw,44,True,1631,1631,0.41140404659717966,0.41140404659717966,1,1669,0.021995125018293038,new_run,26092923
dcs_bw,45,True,960,960,0.4041666666666667,0.4083333333333333,1,976,0.012614125007530674,new_run,26092923
dcs_bw,46,True,384,384,0.3671875,0.3515625,2,394,0.00547879099030979,new_run,26092923
dcs_bw,47,True,859,859,0.420256111757858,0.41559953434225844,3,869,0.011086832993896678,new_run,26092923
dcs_bw,48,True,736,736,0.3736413043478261,0.3804347826086957,6,784,0.00954729100340046,new_run,26092923
dcs_bw,49,True,3896,3896,0.41093429158110883,0.4106776180698152,5,4015,0.0499094580009114,new_run,26092923
dcs_bw,50,True,968,968,0.4152892561983471,0.41632231404958675,4,958,0.012641458015423268,new_run,26092923
dcs_bw,51,True,932,932,0.4248927038626609,0.40987124463519314,1,906,0.012015040992991999,new_run,26092923
dcs_bw,52,True,1971,1971,0.4028411973617453,0.40233384069000505,5,1992,0.025102959014475346,new_run,26092923
dcs_bw,53,True,1418,1418,0.38081805359661497,0.37870239774330045,2,1527,0.018896374996984378,new_run,26092923
dcs_bw,54,True,1920,1920,0.3963541666666667,0.3958333333333333,1,1992,0.024236083001596853,new_run,26092923
dcs_bw,55,True,1133,1133,0.4148278905560459,0.4165931156222418,5,1173,0.013618791999761015,new_run,26092923
dcs_bw,56,True,3755,3755,0.37656458055925435,0.37896138482023967,2,4090,0.047045999992405996,new_run,26092923
dcs_bw,57,True,1564,1564,0.4111253196930946,0.41368286445012786,7,1592,0.02114020800217986,new_run,26092923
dcs_bw,58,True,920,920,0.3782608695652174,0.3782608695652174,1,1004,0.012054708990035579,new_run,26092923
dcs_bw,59,True,3450,3450,0.38318840579710145,0.3782608695652174,3,3629,0.04336287497426383,new_run,26092923
dcs_bw,60,True,2108,2108,0.3757115749525617,0.3776091081593928,6,2241,0.029149165988201275,new_run,26092923
dcs_bw,61,True,1669,1669,0.40143798681845416,0.4038346315158778,2,1772,0.022327624988975003,new_run,26092923
dcs_bw,62,True,1285,1285,0.4046692607003891,0.3961089494163424,1,1320,0.016064166004071012,new_run,26092923
dcs_bw,63,True,2172,2172,0.4180478821362799,0.4244935543278085,1,2196,0.026529416994890198,new_run,26092923
dcs_bw,64,True,2206,2206,0.3943789664551224,0.3925657298277425,1,2312,0.0301248749892693,new_run,26092923
dcs_bw,65,True,255,255,0.49019607843137253,0.4823529411764706,4,245,0.0036498339904937893,new_run,26092923
dcs_bw,66,True,3706,3706,0.3858607663248786,0.3826227738801943,9,3949,0.04831516701960936,new_run,26092923
dcs_bw,67,True,1917,1917,0.4047991653625456,0.4047991653625456,1,1948,0.026466791983693838,new_run,26092923
dcs_bw,68,True,1313,1313,0.4067022086824067,0.4074638233054075,3,1357,0.017816208011936396,new_run,26092923
dcs_bw,69,True,1417,1417,0.3952011291460833,0.39731827805222303,3,1535,0.018913166015408933,new_run,26092923
dcs_bw,70,True,1762,1762,0.4160045402951192,0.4029511918274688,1,1805,0.02226404199609533,new_run,26092923
dcs_bw,71,True,1054,1054,0.40227703984819735,0.39753320683111953,1,1080,0.014215375005733222,new_run,26092923
dcs_bw,72,True,3641,3641,0.40318593792914037,0.40346058775061794,2,3781,0.04494929200154729,new_run,26092923
dcs_bw,73,True,3794,3794,0.3813916710595677,0.3871903004744333,5,3920,0.05389766598818824,new_run,26092923
dcs_bw,74,True,1277,1277,0.3711824588880188,0.3586530931871574,6,1425,0.01698391599347815,new_run,26092923
dcs_bw,75,True,606,606,0.4389438943894389,0.4207920792079208,1,596,0.007924500008812174,new_run,26092923
dcs_bw,76,True,496,496,0.39314516129032256,0.39919354838709675,2,525,0.00663208297919482,new_run,26092923
dcs_bw,77,True,1572,1572,0.3893129770992366,0.393765903307888,4,1553,0.020054791995789856,new_run,26092923
dcs_bw,78,True,2152,2152,0.3949814126394052,0.3996282527881041,1,2250,0.02866295797866769,new_run,26092923
dcs_bw,79,True,1804,1804,0.4190687361419069,0.4246119733924612,3,1786,0.02439895799034275,new_run,26092923
dcs_bw,80,True,1338,1338,0.3953662182361734,0.414050822122571,1,1342,0.018192749994341284,new_run,26092923
dcs_bw,81,True,2868,2868,0.3622733612273361,0.36506276150627615,1,3096,0.036858375009614974,new_run,26092923
dcs_bw,82,True,2058,2058,0.3965014577259475,0.40184645286686105,6,2129,0.0286372079863213,new_run,26092923
dcs_bw,83,True,3487,3487,0.4009176942930886,0.39862345856036707,1,3628,0.0470799159957096,new_run,26092923
dcs_bw,84,True,934,934,0.37794432548179874,0.3747323340471092,1,986,0.012702957988949493,new_run,26092923
dcs_bw,85,True,3629,3629,0.41085698539542576,0.4081014053458253,3,3632,0.050658666994422674,new_run,26092923
dcs_bw,86,True,1728,1728,0.3871527777777778,0.38483796296296297,2,1903,0.02309079098631628,new_run,26092923
dcs_bw,87,True,2925,2925,0.39726495726495725,0.39863247863247864,3,3122,0.03695154198794626,new_run,26092923
dcs_bw,88,True,1226,1226,0.398858075040783,0.38825448613376834,1,1304,0.014818124996963888,new_run,26092923
dcs_bw,89,True,3495,3495,0.39341917024320455,0.3911301859799714,7,3695,0.045205791015177965,new_run,26092923
dcs_bw,90,True,461,461,0.3882863340563991,0.40997830802603036,5,437,0.006458542018663138,new_run,26092923
dcs_bw,91,True,2120,2120,0.3872641509433962,0.3938679245283019,1,2285,0.026314916991395876,new_run,26092923
dcs_bw,92,True,555,555,0.4036036036036036,0.38198198198198197,2,606,0.007023207988822833,new_run,26092923
dcs_bw,93,True,1343,1343,0.3484735666418466,0.35666418466120625,1,1519,0.01711479199002497,new_run,26092923
dcs_bw,94,True,1766,1766,0.40543601359003395,0.40373725934314836,1,1827,0.022520707978401333,new_run,26092923
dcs_bw,95,True,1442,1442,0.3723994452149792,0.37309292649098474,3,1613,0.018075999978464097,new_run,26092923
dcs_bw,96,True,943,943,0.3563096500530223,0.35949098621421,3,1057,0.012004791991785169,new_run,26092923
dcs_bw,97,True,878,878,0.36104783599088835,0.3530751708428246,1,993,0.010973083990393206,new_run,26092923
dcs_bw,98,True,1707,1707,0.424721734036321,0.4253075571177504,1,1682,0.022930540988454595,new_run,26092923
dcs_bw,99,True,2514,2514,0.38822593476531425,0.383054892601432,2,2626,0.03367445798357949,new_run,26092923
