method,step,acceptance,acceptance_se,boundary_rejection,native_esjd
scs,0.03,0.7647486124757564,0.0016779250276444744,0.030774999999999997,0.06425972860219566
scs,0.05,0.648274810586145,0.001965895601733063,0.06284999999999996,0.13613082184491496
scs,0.08,0.5319554718548223,0.0021148293763741284,0.10199999999999998,0.23145996558046
scs,0.1,0.48124690009756776,0.0021397438871155524,0.11907500000000004,0.2799566660541387
scs,0.15,0.40642159768865366,0.0021343116321439547,0.14190000000000003,0.35982587571947305
scs,0.2,0.3684406332781838,0.0021086799332022035,0.15195000000000003,0.4053626913293938
scs,0.3,0.3317037880773106,0.0020695495059431497,0.16005000000000003,0.45213630849717573
scs,0.5,0.3031494600900241,0.00202736809373527,0.16235,0.48647869170125596
scs,0.75,0.2894625302582853,0.002004091900371249,0.16259999999999997,0.5018284741591049
scs,1.0,0.28327641864559683,0.001993349531133696,0.16237500000000005,0.5097464039754577
scs,1.5,0.2769102739365142,0.0019809589639715507,0.1622,0.5167003246859992
scs,2.0,0.2738860793912495,0.0019749053152208836,0.161875,0.5202080846739212
scs,3.0,0.2706404178875378,0.0019683295390578994,0.1613,0.5231092556488057
scs,5.0,0.26817884659315416,0.0019634083912671656,0.16112499999999996,0.5255492136115592
scs,10.0,0.26651184530228683,0.0019599579260501988,0.16110000000000002,0.5276521192756388
scs,14.0,0.26601404601997813,0.001958772519188439,0.16097499999999998,0.5281983798680847
dcs_bw,0.04,0.7913007197212981,0.001832154526887176,0.16435,0.001241213201432555
dcs_bw,0.06,0.6991313787476042,0.0020713646188565385,0.24162499999999998,0.0024673005979432934
dcs_bw,0.08,0.6142653104747225,0.0022010628428826926,0.31542499999999996,0.003853668910311457
dcs_bw,0.1,0.5378533917932822,0.0022555648934547527,0.384825,0.005272276420861001
dcs_bw,0.12,0.46489206826196694,0.002259553749318367,0.45499999999999996,0.006561866661813141
dcs_bw,0.14,0.39962169011948656,0.00221955598034499,0.5192749999999999,0.007676698445338117
dcs_bw,0.16,0.34211866392833407,0.0021493685017429354,0.57795,0.008583315764205181
dcs_bw,0.18,0.2884816905958297,0.002051005887813643,0.634325,0.009159910248847835
dcs_bw,0.2,0.24207675967352024,0.0019385343038496442,0.685425,0.009488808952513788
dcs_bw,0.22,0.20224863541278684,0.0018155786064094183,0.7302500000000001,0.009592902032396471
dcs_bw,0.24,0.1664312827311747,0.0016819412188612628,0.7724,0.009393788383043415
dcs_bw,0.26,0.1368346660364337,0.001549871132783613,0.80785,0.009064327160135735
dcs_bw,0.28,0.11021974986683299,0.0014104278729401261,0.841075,0.008468278787041246
dcs_bw,0.3,0.08823001213967716,0.0012759297503592924,0.8694999999999999,0.007781508307889351
dcs_bw,0.35,0.04954863437886284,0.0009726757571558482,0.92255,0.00594898753147993
dcs_bw,0.4,0.025384936633123713,0.0007002833833477822,0.957725,0.003980637824185156
