step,acceptance,acceptance_se,boundary_rejection,native_esjd
0.01,0.8713333779916971,0.0009930678165354628,0.003149999999999986,0.008635921008522812
0.02,0.7628436078710334,0.0013964180691479087,0.009449999999999958,0.02953505937316213
0.03,0.6719293276262671,0.0016351884257242652,0.01717500000000005,0.05641272587024041
0.05,0.5353073584567013,0.001850869120487193,0.03502499999999997,0.11223629663787565
0.08,0.40741702937120283,0.0019029509330544378,0.061474999999999946,0.17703161585268293
0.1,0.3529097303635103,0.0018778337099270026,0.07602500000000001,0.20494472178009174
0.15,0.2728723363767208,0.0017810264121818013,0.10057499999999997,0.24131551945970833
0.2,0.23115239333057985,0.0016969942357996865,0.11607500000000004,0.2541199584315699
0.3,0.18897527949950552,0.0015842450321072194,0.13092499999999996,0.2574636311795344
0.5,0.15757548042931635,0.0014817622273486269,0.14270000000000005,0.2528291951364536
0.75,0.1428652992239811,0.0014263319468880216,0.1482,0.2476638236682073
1.0,0.13568898810813954,0.0013964260292816985,0.15080000000000005,0.24416488872492614
1.5,0.12881298236552613,0.0013666022331808069,0.153725,0.24036033476797275
2.0,0.12553352143555102,0.0013521783518122394,0.15495000000000003,0.2384355098865035
3.0,0.12236909135805996,0.0013382901502345277,0.15605000000000002,0.2365252929079174
5.0,0.11980905709462764,0.0013264875577326347,0.15744999999999998,0.2347920298861425
10.0,0.11799396771486377,0.001318389972982902,0.15832500000000005,0.23361105046896918
14.0,0.11744963987066852,0.0013157983422677766,0.15847500000000003,0.23320931158868924
30.0,0.11677445419356389,0.001312547416817608,0.158775,0.23276482974327295
